[2024-08-12 17:40:19] Executing bootstrap tasks
[2024-08-12 17:40:19] OpenJDK Runtime Environment 17.0.11+9
[2024-08-12 17:40:19] Product org.eclipse.products.epp.package.java.2024-06
[2024-08-12 17:40:19] Bundle org.eclipse.oomph.setup 1.29.0.v20240520-1504, build=606, branch=a943bade61cc9f456138d4af7f05fa7fde42835b
[2024-08-12 17:40:19] Bundle org.eclipse.oomph.setup.core 1.31.0.v20240420-0837, build=606, branch=a943bade61cc9f456138d4af7f05fa7fde42835b
[2024-08-12 17:40:19] Bundle org.eclipse.oomph.setup.p2 1.21.0.v20240420-0837, build=606, branch=a943bade61cc9f456138d4af7f05fa7fde42835b
[2024-08-12 17:40:19] Performing P2 Director (Eclipse IDE for Java Developers (2024-06) + JRE 22.0.2)
[2024-08-12 17:40:19] Offline = false
[2024-08-12 17:40:19] Mirrors = true
[2024-08-12 17:40:19] Resolving 27 requirements from 4 repositories to C:\Users\Pedro Henrique\eclipse\java-2024-06\eclipse
[2024-08-12 17:40:19] Requirement org.eclipse.equinox.p2.iu:org.eclipse.justj.openjdk.hotspot.jre.full.feature.group (filter=(|(&(osgi.arch=aarch64)(osgi.os=linux))(&(osgi.arch=aarch64)(osgi.os=macosx))(&(osgi.arch=ppc64le)(osgi.os=linux))(&(osgi.arch=x86_64)(osgi.os=linux))(&(osgi.arch=x86_64)(osgi.os=macosx))(&(osgi.arch=x86_64)(osgi.os=win32))))
[2024-08-12 17:40:19] Requirement org.eclipse.equinox.p2.iu:epp.package.java [4.32.0,5.0.0) (filter=(|(&(osgi.arch=aarch64)(osgi.os=linux)(osgi.ws=gtk))(&(osgi.arch=aarch64)(osgi.os=macosx)(osgi.ws=cocoa))(&(osgi.arch=x86_64)(osgi.os=linux)(osgi.ws=gtk))(&(osgi.arch=x86_64)(osgi.os=macosx)(osgi.ws=cocoa))(&(osgi.arch=x86_64)(osgi.os=win32)(osgi.ws=win32))))
[2024-08-12 17:40:19] Requirement org.eclipse.equinox.p2.iu:org.eclipse.platform.feature.group [4.32.0,5.0.0)
[2024-08-12 17:40:19] Requirement org.eclipse.equinox.p2.iu:org.eclipse.rcp.feature.group [4.32.0,5.0.0)
[2024-08-12 17:40:19] Requirement org.eclipse.equinox.p2.iu:org.eclipse.buildship.feature.group
[2024-08-12 17:40:19] Requirement org.eclipse.equinox.p2.iu:org.eclipse.eclemma.feature.feature.group
[2024-08-12 17:40:19] Requirement org.eclipse.equinox.p2.iu:org.eclipse.egit.feature.group
[2024-08-12 17:40:19] Requirement org.eclipse.equinox.p2.iu:org.eclipse.epp.mpc.feature.group
[2024-08-12 17:40:19] Requirement org.eclipse.equinox.p2.iu:org.eclipse.jdt.bcoview.feature.feature.group
[2024-08-12 17:40:19] Requirement org.eclipse.equinox.p2.iu:org.eclipse.jdt.feature.group
[2024-08-12 17:40:19] Requirement org.eclipse.equinox.p2.iu:org.eclipse.jgit.feature.group
[2024-08-12 17:40:19] Requirement org.eclipse.equinox.p2.iu:org.eclipse.m2e.feature.feature.group
[2024-08-12 17:40:19] Requirement org.eclipse.equinox.p2.iu:org.eclipse.m2e.lemminx.feature.feature.group
[2024-08-12 17:40:19] Requirement org.eclipse.equinox.p2.iu:org.eclipse.m2e.logback.feature.feature.group
[2024-08-12 17:40:19] Requirement org.eclipse.equinox.p2.iu:org.eclipse.mylyn.commons.activity.feature.feature.group
[2024-08-12 17:40:19] Requirement org.eclipse.equinox.p2.iu:org.eclipse.mylyn.egit.feature.feature.group
[2024-08-12 17:40:19] Requirement org.eclipse.equinox.p2.iu:org.eclipse.mylyn.git.feature.feature.group
[2024-08-12 17:40:19] Requirement org.eclipse.equinox.p2.iu:org.eclipse.mylyn.github.feature.feature.group
[2024-08-12 17:40:19] Requirement org.eclipse.equinox.p2.iu:org.eclipse.mylyn.ide.feature.feature.group
[2024-08-12 17:40:19] Requirement org.eclipse.equinox.p2.iu:org.eclipse.mylyn.jdt.feature.feature.group
[2024-08-12 17:40:19] Requirement org.eclipse.equinox.p2.iu:org.eclipse.mylyn.jenkins.feature.feature.group
[2024-08-12 17:40:19] Requirement org.eclipse.equinox.p2.iu:org.eclipse.mylyn.reviews.feature.feature.group
[2024-08-12 17:40:19] Requirement org.eclipse.equinox.p2.iu:org.eclipse.mylyn.wikitext.feature.feature.group
[2024-08-12 17:40:19] Requirement org.eclipse.equinox.p2.iu:org.eclipse.tips.feature.feature.group
[2024-08-12 17:40:19] Requirement org.eclipse.equinox.p2.iu:org.eclipse.tm.terminal.feature.feature.group
[2024-08-12 17:40:19] Requirement org.eclipse.equinox.p2.iu:org.eclipse.wildwebdeveloper.xml.feature.feature.group
[2024-08-12 17:40:19] Requirement org.eclipse.equinox.p2.iu:org.eclipse.oomph.setup.feature.group
[2024-08-12 17:40:19] Repository https://download.eclipse.org/justj/jres/22/updates/release/latest
[2024-08-12 17:40:19] Repository https://download.eclipse.org/technology/epp/packages/2024-06/202406061200
[2024-08-12 17:40:19] Repository https://download.eclipse.org/releases/2024-06/202406121000
[2024-08-12 17:40:19] Repository https://download.eclipse.org/oomph/updates/milestone/latest
[2024-08-12 17:40:25] Calculating requirements and dependencies.
[2024-08-12 17:40:29] Computing prerequisite plan
[2024-08-12 17:40:36] Collecting 3 artifacts from https://download.eclipse.org/justj/jres/22/updates/release/latest
[2024-08-12 17:40:37] Fetching org.eclipse.justj.openjdk.hotspot.jre.full_22.0.2.v20240802-1626.jar from https://eclipse.c3sl.ufpr.br/justj/jres/22/updates/release/22.0.2/plugins/ (21.41kB)
[2024-08-12 17:40:37] Fetching org.eclipse.justj.openjdk.hotspot.jre.full_22.0.2.v20240802-1626.jar from https://mirrors.jevincanders.net/eclipse/justj/jres/22/updates/release/22.0.2/features/ (24.71kB)
[2024-08-12 17:40:37] Fetching org.eclipse.justj.openjdk.hotspot.jre.full.win32.x86_64_22.0.2.v20240802-1626.jar from https://mirror.umd.edu/eclipse/justj/jres/22/updates/release/22.0.2/plugins/ (120.88MB)
[2024-08-12 17:40:38] Fetching org.eclipse.justj.openjdk.hotspot.jre.full.win32.x86_64_22.0.2.v20240802-1626.jar from https://mirror.umd.edu/eclipse/justj/jres/22/updates/release/22.0.2/plugins/
[2024-08-12 17:45:47] Mirrored 1 artifacts from https://mirror.umd.edu/eclipse/justj/jres/22/updates/release/22.0.2/ at 422kb/s
[2024-08-12 17:45:47] Mirrored 1 artifacts from https://eclipse.c3sl.ufpr.br/justj/jres/22/updates/release/22.0.2/ at 68kb/s
[2024-08-12 17:45:47] Mirrored 1 artifacts from https://mirrors.jevincanders.net/eclipse/justj/jres/22/updates/release/22.0.2/ at 39kb/s
[2024-08-12 17:45:47] Collected 3 artifacts for https://download.eclipse.org/justj/jres/22/updates/release/latest in 310.765s
[2024-08-12 17:45:47] Collecting 38 artifacts from https://download.eclipse.org/oomph/updates/milestone/latest
[2024-08-12 17:45:48] Fetching org.eclipse.oomph.setup.p2.edit_1.16.0.v20230617-1322.jar from https://download.eclipse.org/oomph/drops/milestone/S20240730-162434-1.34.0-M2/plugins/ (28.73kB)
[2024-08-12 17:45:48] Fetching org.eclipse.oomph.extractor.lib_1.9.0.v20220421-1218.jar from https://download.eclipse.org/oomph/drops/milestone/S20240730-162434-1.34.0-M2/plugins/ (27.28kB)
[2024-08-12 17:45:48] Fetching org.eclipse.oomph.jreinfo_1.19.0.v20240520-1504.jar from https://download.eclipse.org/oomph/drops/milestone/S20240730-162434-1.34.0-M2/plugins/ (45.05kB)
[2024-08-12 17:45:48] Fetching org.eclipse.oomph.setup.core_1.31.0.v20240723-0951.jar from https://download.eclipse.org/oomph/drops/milestone/S20240730-162434-1.34.0-M2/features/ (22.42kB)
[2024-08-12 17:45:48] Fetching org.eclipse.oomph.workingsets.edit_1.13.0.v20230204-0932.jar from https://download.eclipse.org/oomph/drops/milestone/S20240730-162434-1.34.0-M2/plugins/ (40.13kB)
[2024-08-12 17:45:48] Fetching org.eclipse.oomph.resources.edit_1.14.0.v20240130-1324.jar from https://download.eclipse.org/oomph/drops/milestone/S20240730-162434-1.34.0-M2/plugins/ (34.51kB)
[2024-08-12 17:45:48] Fetching org.eclipse.oomph.workingsets_1.14.0.v20230617-1322.jar from https://download.eclipse.org/oomph/drops/milestone/S20240730-162434-1.34.0-M2/plugins/ (49.89kB)
[2024-08-12 17:45:48] Fetching org.eclipse.oomph.resources.edit_1.14.0.v20240130-1324.jar from https://download.eclipse.org/oomph/drops/milestone/S20240730-162434-1.34.0-M2/plugins/ (34.51kB)
[2024-08-12 17:45:48] Fetching org.eclipse.oomph.setup_1.33.0.v20240723-0951.jar from https://download.eclipse.org/oomph/drops/milestone/S20240730-162434-1.34.0-M2/features/ (22.35kB)
[2024-08-12 17:45:48] Fetching org.eclipse.oomph.p2_1.31.0.v20240723-0951.jar from https://download.eclipse.org/oomph/drops/milestone/S20240730-162434-1.34.0-M2/features/ (22.31kB)
[2024-08-12 17:45:48] Fetching org.eclipse.oomph.setup_1.33.0.v20240723-0951.jar from https://download.eclipse.org/oomph/drops/milestone/S20240730-162434-1.34.0-M2/features/ (22.35kB)
[2024-08-12 17:45:48] Fetching org.eclipse.oomph.p2_1.31.0.v20240723-0951.jar from https://download.eclipse.org/oomph/drops/milestone/S20240730-162434-1.34.0-M2/features/ (22.31kB)
[2024-08-12 17:45:48] Fetching org.eclipse.oomph.setup.p2_1.21.0.v20240420-0837.jar from https://download.eclipse.org/oomph/drops/milestone/S20240730-162434-1.34.0-M2/plugins/ (54.22kB)
[2024-08-12 17:45:50] Fetching org.eclipse.oomph.p2.edit_1.17.0.v20230204-0932.jar from https://download.eclipse.org/oomph/drops/milestone/S20240730-162434-1.34.0-M2/plugins/ (55.81kB)
[2024-08-12 17:45:50] Fetching org.eclipse.oomph.jreinfo.ui_1.16.0.v20240520-1504.jar from https://download.eclipse.org/oomph/drops/milestone/S20240730-162434-1.34.0-M2/plugins/ (58.05kB)
[2024-08-12 17:45:50] Fetching org.eclipse.oomph.predicates.edit_1.15.0.v20230416-0642.jar from https://download.eclipse.org/oomph/drops/milestone/S20240730-162434-1.34.0-M2/plugins/ (60.02kB)
[2024-08-12 17:45:50] Fetching org.eclipse.oomph.p2_1.17.0.v20230617-1322.jar from https://download.eclipse.org/oomph/drops/milestone/S20240730-162434-1.34.0-M2/plugins/ (71.33kB)
[2024-08-12 17:45:50] Fetching org.eclipse.oomph.base.edit_1.17.0.v20230617-1322.jar from https://download.eclipse.org/oomph/drops/milestone/S20240730-162434-1.34.0-M2/plugins/ (68.98kB)
[2024-08-12 17:45:50] Fetching slf4j.api_2.0.13.jar from https://download.eclipse.org/oomph/drops/milestone/S20240730-162434-1.34.0-M2/plugins/ (67kB)
[2024-08-12 17:45:50] Fetching org.apache.commons.logging_1.2.0.v20180409-1502.jar from https://download.eclipse.org/oomph/drops/milestone/S20240730-162434-1.34.0-M2/plugins/ (71.45kB)
[2024-08-12 17:45:50] Fetching org.eclipse.oomph.base_1.18.0.v20230617-1322.jar from https://download.eclipse.org/oomph/drops/milestone/S20240730-162434-1.34.0-M2/plugins/ (73.34kB)
[2024-08-12 17:45:50] Fetching org.eclipse.oomph.predicates_1.18.0.v20240712-0604.jar from https://download.eclipse.org/oomph/drops/milestone/S20240730-162434-1.34.0-M2/plugins/ (73.56kB)
[2024-08-12 17:45:51] Fetching org.eclipse.oomph.setup.ui_1.31.0.v20240723-0951.jar from https://download.eclipse.org/oomph/drops/milestone/S20240730-162434-1.34.0-M2/plugins/ (800.63kB)
[2024-08-12 17:45:51] Fetching org.eclipse.oomph.setup.doc_1.14.0.v20230618-0610.jar from https://download.eclipse.org/oomph/drops/milestone/S20240730-162434-1.34.0-M2/plugins/ (2.5MB)
[2024-08-12 17:45:51] Fetching bcprov_1.78.1.jar from https://download.eclipse.org/oomph/drops/milestone/S20240730-162434-1.34.0-M2/plugins/ (7.94MB)
[2024-08-12 17:45:51] Fetching org.eclipse.oomph.setup.editor_1.28.0.v20240713-1033.jar from https://download.eclipse.org/oomph/drops/milestone/S20240730-162434-1.34.0-M2/plugins/ (508.78kB)
[2024-08-12 17:45:51] Fetching bcpg_1.78.1.jar from https://download.eclipse.org/oomph/drops/milestone/S20240730-162434-1.34.0-M2/plugins/ (465.68kB)
[2024-08-12 17:45:51] Fetching org.eclipse.oomph.p2.core_1.30.0.v20240723-0951.jar from https://download.eclipse.org/oomph/drops/milestone/S20240730-162434-1.34.0-M2/plugins/ (420.98kB)
[2024-08-12 17:45:51] Fetching org.eclipse.oomph.ui_1.23.0.v20240713-1033.jar from https://download.eclipse.org/oomph/drops/milestone/S20240730-162434-1.34.0-M2/plugins/ (406.87kB)
[2024-08-12 17:45:51] Fetching org.eclipse.oomph.p2.ui_1.22.0.v20240510-1552.jar from https://download.eclipse.org/oomph/drops/milestone/S20240730-162434-1.34.0-M2/plugins/ (382.3kB)
[2024-08-12 17:45:51] Fetching org.eclipse.oomph.setup_1.29.0.v20240723-0951.jar from https://download.eclipse.org/oomph/drops/milestone/S20240730-162434-1.34.0-M2/plugins/ (366.9kB)
[2024-08-12 17:45:52] Fetching org.apache.commons.commons-codec_1.16.0.jar from https://download.eclipse.org/oomph/drops/milestone/S20240730-162434-1.34.0-M2/plugins/ (352.28kB)
[2024-08-12 17:45:52] Fetching org.eclipse.oomph.setup.ui_1.31.0.v20240723-0951.jar from https://download.eclipse.org/oomph/drops/milestone/S20240730-162434-1.34.0-M2/plugins/
[2024-08-12 17:45:52] Fetching org.eclipse.oomph.setup.doc_1.14.0.v20230618-0610.jar from https://download.eclipse.org/oomph/drops/milestone/S20240730-162434-1.34.0-M2/plugins/
[2024-08-12 17:45:52] Fetching bcprov_1.78.1.jar from https://download.eclipse.org/oomph/drops/milestone/S20240730-162434-1.34.0-M2/plugins/
[2024-08-12 17:45:52] Fetching org.eclipse.oomph.setup.editor_1.28.0.v20240713-1033.jar from https://download.eclipse.org/oomph/drops/milestone/S20240730-162434-1.34.0-M2/plugins/
[2024-08-12 17:45:52] Fetching bcpg_1.78.1.jar from https://download.eclipse.org/oomph/drops/milestone/S20240730-162434-1.34.0-M2/plugins/
[2024-08-12 17:45:52] Fetching org.eclipse.oomph.p2.core_1.30.0.v20240723-0951.jar from https://download.eclipse.org/oomph/drops/milestone/S20240730-162434-1.34.0-M2/plugins/
[2024-08-12 17:45:52] Fetching org.eclipse.oomph.ui_1.23.0.v20240713-1033.jar from https://download.eclipse.org/oomph/drops/milestone/S20240730-162434-1.34.0-M2/plugins/
[2024-08-12 17:45:52] Fetching org.eclipse.oomph.p2.ui_1.22.0.v20240510-1552.jar from https://download.eclipse.org/oomph/drops/milestone/S20240730-162434-1.34.0-M2/plugins/
[2024-08-12 17:45:53] Fetching org.eclipse.oomph.setup_1.29.0.v20240723-0951.jar from https://download.eclipse.org/oomph/drops/milestone/S20240730-162434-1.34.0-M2/plugins/
[2024-08-12 17:45:53] Fetching org.apache.commons.commons-codec_1.16.0.jar from https://download.eclipse.org/oomph/drops/milestone/S20240730-162434-1.34.0-M2/plugins/
[2024-08-12 17:45:53] Fetching org.eclipse.oomph.setup.core_1.31.0.v20240420-0837.jar from https://download.eclipse.org/oomph/drops/milestone/S20240730-162434-1.34.0-M2/plugins/ (343.34kB)
[2024-08-12 17:45:53] Fetching org.eclipse.oomph.setup.ui.questionnaire_1.13.0.v20220421-1218.jar from https://download.eclipse.org/oomph/drops/milestone/S20240730-162434-1.34.0-M2/plugins/ (340.58kB)
[2024-08-12 17:45:53] Fetching org.eclipse.oomph.p2.doc_1.14.0.v20230625-0755.jar from https://download.eclipse.org/oomph/drops/milestone/S20240730-162434-1.34.0-M2/plugins/ (318.22kB)
[2024-08-12 17:45:53] Fetching org.eclipse.oomph.setup.edit_1.17.0.v20231119-1528.jar from https://download.eclipse.org/oomph/drops/milestone/S20240730-162434-1.34.0-M2/plugins/ (183.08kB)
[2024-08-12 17:45:53] Fetching org.eclipse.oomph.resources_1.20.0.v20240130-1324.jar from https://download.eclipse.org/oomph/drops/milestone/S20240730-162434-1.34.0-M2/plugins/ (127.81kB)
[2024-08-12 17:45:53] Fetching org.eclipse.oomph.util_1.23.0.v20240713-1033.jar from https://download.eclipse.org/oomph/drops/milestone/S20240730-162434-1.34.0-M2/plugins/ (236.65kB)
[2024-08-12 17:45:54] Fetching org.eclipse.oomph.workingsets.editor_1.16.0.v20240510-1552.jar from https://download.eclipse.org/oomph/drops/milestone/S20240730-162434-1.34.0-M2/plugins/ (118.3kB)
[2024-08-12 17:45:54] Fetching org.eclipse.oomph.setup.sync_1.17.0.v20240317-0755.jar from https://download.eclipse.org/oomph/drops/milestone/S20240730-162434-1.34.0-M2/plugins/ (107.24kB)
[2024-08-12 17:45:55] Fetching org.eclipse.oomph.preferences_1.14.0.v20230617-1322.jar from https://download.eclipse.org/oomph/drops/milestone/S20240730-162434-1.34.0-M2/plugins/ (90.71kB)
[2024-08-12 17:46:14] Mirrored 38 artifacts from https://download.eclipse.org/oomph/drops/milestone/S20240730-162434-1.34.0-M2/ at 217kb/s
[2024-08-12 17:46:14] Collected 38 artifacts for https://download.eclipse.org/oomph/updates/milestone/latest in 27.263s
[2024-08-12 17:46:14] Collecting 542 artifacts from https://download.eclipse.org/releases/2024-06/202406121000
[2024-08-12 17:46:15] Fetching org.eclipse.platform_root_4.32.0.v20240601-0610 from https://eclipse.c3sl.ufpr.br/releases/2024-06/202406121000/binary/ (196B)
[2024-08-12 17:46:15] Fetching org.eclipse.ecf.provider.filetransfer.ssl_1.1.0.v20230422-0242.jar from https://mirrors.jevincanders.net/eclipse/releases/2024-06/202406121000/plugins/ (11.58kB)
[2024-08-12 17:46:15] Fetching com.google.guava.failureaccess_1.0.2.jar from https://eclipse.mirror.rafal.ca/releases/2024-06/202406121000/plugins/ (4.63kB)
[2024-08-12 17:46:16] Fetching org.hamcrest.core_2.2.0.v20230809-1000.jar from https://mirror.umd.edu/eclipse/releases/2024-06/202406121000/plugins/ (9.19kB)
[2024-08-12 17:46:16] Fetching org.eclipse.e4.ui.swt.win32_1.2.300.v20240416-0658.jar from https://mirror.clarkson.edu/eclipse/releases/2024-06/202406121000/plugins/ (12.16kB)
[2024-08-12 17:46:16] Fetching org.eclipse.mylyn.wikitext.markdown.ui_4.3.0.v20240601-0538.jar from https://download.eclipse.org/releases/2024-06/202406121000/plugins/ (13.24kB)
[2024-08-12 17:46:16] Fetching org.eclipse.e4.ui.ide_3.17.200.v20231201-1637.jar from https://mirrors.jevincanders.net/eclipse/releases/2024-06/202406121000/plugins/ (13.28kB)
[2024-08-12 17:46:16] Fetching org.apiguardian.api_1.1.2.jar from https://mirror.csclub.uwaterloo.ca/eclipse/releases/2024-06/202406121000/plugins/ (6.65kB)
[2024-08-12 17:46:16] Fetching jakarta.inject.jakarta.inject-api_2.0.1.jar from https://mirrors.xmission.com/eclipse/releases/2024-06/202406121000/plugins/ (10.43kB)
[2024-08-12 17:46:16] Fetching org.eclipse.e4.core.di.extensions_0.18.300.v20240413-1529.jar from https://ca.mirrors.cicku.me/eclipse//releases/2024-06/202406121000/plugins/ (12.96kB)
[2024-08-12 17:46:16] Fetching jakarta.inject.jakarta.inject-api_1.0.5.jar from https://ftp.halifax.rwth-aachen.de/eclipse/releases/2024-06/202406121000/plugins/ (10.61kB)
[2024-08-12 17:46:16] Fetching org.eclipse.e4.core.di.extensions_0.18.300.v20240413-1529.jar from https://ca.mirrors.cicku.me/eclipse//releases/2024-06/202406121000/plugins/ (12.96kB)
[2024-08-12 17:46:16] Fetching jakarta.inject.jakarta.inject-api_1.0.5.jar from https://ftp.halifax.rwth-aachen.de/eclipse/releases/2024-06/202406121000/plugins/ (10.61kB)
[2024-08-12 17:46:16] Fetching org.eclipse.equinox.http.service.api_1.2.2.v20231218-2126.jar from https://ftp2.osuosl.org/pub/eclipse/releases/2024-06/202406121000/plugins/ (13.09kB)
[2024-08-12 17:46:17] Fetching org.eclipse.mylyn.wikitext.asciidoc.ui_4.3.0.v20240601-0538.jar from https://mirrors.jevincanders.net/eclipse/releases/2024-06/202406121000/plugins/ (13.67kB)
[2024-08-12 17:46:17] Fetching org.eclipse.mylyn.wikitext.twiki.ui_4.3.0.v20240509-0539.jar from https://mirrors.jevincanders.net/eclipse/releases/2024-06/202406121000/plugins/ (13.54kB)
[2024-08-12 17:46:17] Fetching org.eclipse.mylyn.wikitext.tracwiki.ui_4.3.0.v20240509-0539.jar from https://mirrors.jevincanders.net/eclipse/releases/2024-06/202406121000/plugins/ (13.67kB)
[2024-08-12 17:46:17] Fetching org.osgi.util.position_1.0.1.201505202026.jar from https://mirrors.jevincanders.net/eclipse/releases/2024-06/202406121000/plugins/ (13.73kB)
[2024-08-12 17:46:17] Fetching org.osgi.service.provisioning_1.2.0.201505202024.jar from https://download.eclipse.org/releases/2024-06/202406121000/plugins/ (13.38kB)
[2024-08-12 17:46:17] Fetching org.opentest4j_1.3.0.jar from https://mirrors.jevincanders.net/eclipse/releases/2024-06/202406121000/plugins/ (13.97kB)
[2024-08-12 17:46:17] Fetching org.eclipse.rcp_4.32.0.v20240601-0610.jar from https://mirrors.jevincanders.net/eclipse/releases/2024-06/202406121000/plugins/ (14.27kB)
[2024-08-12 17:46:17] Fetching org.opentest4j_1.3.0.jar from https://mirrors.jevincanders.net/eclipse/releases/2024-06/202406121000/plugins/ (13.97kB)
[2024-08-12 17:46:17] Fetching org.eclipse.rcp_4.32.0.v20240601-0610.jar from https://mirrors.jevincanders.net/eclipse/releases/2024-06/202406121000/plugins/ (14.27kB)
[2024-08-12 17:46:17] Fetching org.eclipse.equinox.jsp.jasper.registry_1.3.0.v20240213-1427.jar from https://mirrors.jevincanders.net/eclipse/releases/2024-06/202406121000/plugins/ (14.39kB)
[2024-08-12 17:46:17] Fetching org.eclipse.e4.core.di.annotations_1.8.400.v20240413-1529.jar from https://download.eclipse.org/releases/2024-06/202406121000/plugins/ (13.82kB)
[2024-08-12 17:46:17] Fetching org.eclipse.jdt.core.formatterapp_1.2.250.v20240311-0615.jar from https://download.eclipse.org/releases/2024-06/202406121000/plugins/ (14.44kB)
[2024-08-12 17:46:18] Fetching org.eclipse.osgi.util_3.7.300.v20231104-1118.jar from https://mirrors.jevincanders.net/eclipse/releases/2024-06/202406121000/plugins/ (14.42kB)
[2024-08-12 17:46:18] Fetching org.eclipse.mylyn.wikitext.confluence.ui_4.3.0.v20240509-0539.jar from https://download.eclipse.org/releases/2024-06/202406121000/plugins/ (14.95kB)
[2024-08-12 17:46:18] Fetching org.eclipse.egit_6.10.0.202406032230-r.jar from https://mirrors.jevincanders.net/eclipse/releases/2024-06/202406121000/plugins/ (14.52kB)
[2024-08-12 17:46:18] Fetching org.eclipse.epp.mpc.core.win32_1.10.3.v20240221-1216.jar from https://mirrors.jevincanders.net/eclipse/releases/2024-06/202406121000/plugins/ (14.47kB)
[2024-08-12 17:46:18] Fetching org.eclipse.mylyn.wikitext.mediawiki.ui_4.3.0.v20240509-0539.jar from https://mirrors.jevincanders.net/eclipse/releases/2024-06/202406121000/plugins/ (14.69kB)
[2024-08-12 17:46:19] Fetching org.eclipse.m2e.workspace.cli_0.3.1.jar from https://mirrors.jevincanders.net/eclipse/releases/2024-06/202406121000/plugins/ (15.56kB)
[2024-08-12 17:46:19] Fetching org.apache.batik.constants_1.17.0.v20231215-1130.jar from https://mirrors.jevincanders.net/eclipse/releases/2024-06/202406121000/plugins/ (16.48kB)
[2024-08-12 17:46:19] Fetching org.eclipse.e4.ui.widgets_1.4.100.v20231201-1637.jar from https://download.eclipse.org/releases/2024-06/202406121000/plugins/ (15.11kB)
[2024-08-12 17:46:19] Fetching org.eclipse.equinox.security.win32_1.3.0.v20240419-2334.jar from https://download.eclipse.org/releases/2024-06/202406121000/plugins/ (15.11kB)
[2024-08-12 17:46:19] Fetching junit-platform-runner_1.10.2.jar from https://mirrors.jevincanders.net/eclipse/releases/2024-06/202406121000/plugins/ (16.19kB)
[2024-08-12 17:46:19] Fetching org.eclipse.cdt.core.win32_6.1.100.202402230238.jar from https://mirrors.jevincanders.net/eclipse/releases/2024-06/202406121000/plugins/ (16.63kB)
[2024-08-12 17:46:19] Fetching org.eclipse.m2e.sourcelookup_2.0.301.20231030-1438.jar from https://download.eclipse.org/releases/2024-06/202406121000/plugins/ (15.31kB)
[2024-08-12 17:46:19] Fetching org.eclipse.mylyn.wikitext.textile.ui_4.3.0.v20240509-0539.jar from https://download.eclipse.org/releases/2024-06/202406121000/plugins/ (15.52kB)
[2024-08-12 17:46:19] Fetching org.eclipse.mylyn.versions.ui_4.3.0.v20240509-0539.jar from https://mirror.clarkson.edu/eclipse/releases/2024-06/202406121000/plugins/ (16.79kB)
[2024-08-12 17:46:19] Fetching org.eclipse.mylyn.wikitext.osgi_4.3.0.v20240509-0539.jar from https://mirrors.jevincanders.net/eclipse/releases/2024-06/202406121000/plugins/ (16.8kB)
[2024-08-12 17:46:19] Fetching org.eclipse.jdt.annotation_1.2.100.v20240212-1051.jar from https://mirrors.jevincanders.net/eclipse/releases/2024-06/202406121000/plugins/ (16.9kB)
[2024-08-12 17:46:19] Fetching org.eclipse.buildship.compat_3.1.9.v20240115-1636.jar from https://download.eclipse.org/releases/2024-06/202406121000/plugins/ (16.94kB)
[2024-08-12 17:46:20] Fetching org.eclipse.mylyn.tasks.activity.ui_4.3.0.v20240509-0539.jar from https://mirrors.jevincanders.net/eclipse/releases/2024-06/202406121000/plugins/ (17.13kB)
[2024-08-12 17:46:20] Fetching org.eclipse.mylyn.commons.notifications.core_4.3.0.v20240509-0539.jar from https://mirrors.jevincanders.net/eclipse/releases/2024-06/202406121000/plugins/ (17.41kB)
[2024-08-12 17:46:20] Fetching org.eclipse.jgit.gpg.bc_6.10.0.202406032230-r.jar from https://mirrors.jevincanders.net/eclipse/releases/2024-06/202406121000/features/ (17.55kB)
[2024-08-12 17:46:20] Fetching org.eclipse.jgit_6.10.0.202406032230-r.jar from https://mirrors.jevincanders.net/eclipse/releases/2024-06/202406121000/features/ (17.52kB)
[2024-08-12 17:46:20] Fetching org.eclipse.buildship.branding_3.1.9.v20240115-1636.jar from https://mirror.clarkson.edu/eclipse/releases/2024-06/202406121000/plugins/ (17.43kB)
[2024-08-12 17:46:20] Fetching org.eclipse.jgit.gpg.bc_6.10.0.202406032230-r.jar from https://mirrors.jevincanders.net/eclipse/releases/2024-06/202406121000/features/ (17.55kB)
[2024-08-12 17:46:20] Fetching org.eclipse.buildship.branding_3.1.9.v20240115-1636.jar from https://mirror.clarkson.edu/eclipse/releases/2024-06/202406121000/plugins/ (17.43kB)
[2024-08-12 17:46:20] Fetching org.eclipse.jgit_6.10.0.202406032230-r.jar from https://mirrors.jevincanders.net/eclipse/releases/2024-06/202406121000/features/ (17.52kB)
[2024-08-12 17:46:20] Fetching junit-platform-suite-commons_1.10.2.jar from https://download.eclipse.org/releases/2024-06/202406121000/plugins/ (16.92kB)
[2024-08-12 17:46:20] Fetching org.eclipse.jgit.ssh.apache_6.10.0.202406032230-r.jar from https://download.eclipse.org/releases/2024-06/202406121000/features/ (17.57kB)
[2024-08-12 17:46:20] Fetching org.eclipse.jgit.http.apache_6.10.0.202406032230-r.jar from https://mirrors.jevincanders.net/eclipse/releases/2024-06/202406121000/features/ (17.56kB)
[2024-08-12 17:46:21] Fetching org.eclipse.team.genericeditor.diff.extension_1.2.400.v20240413-1529.jar from https://mirrors.jevincanders.net/eclipse/releases/2024-06/202406121000/plugins/ (18.14kB)
[2024-08-12 17:46:21] Fetching org.eclipse.e4.ui.di_1.5.400.v20240321-1245.jar from https://mirrors.jevincanders.net/eclipse/releases/2024-06/202406121000/plugins/ (18.22kB)
[2024-08-12 17:46:21] Fetching org.osgi.util.xml_1.0.2.202109301733.jar from https://mirrors.jevincanders.net/eclipse/releases/2024-06/202406121000/plugins/ (18.3kB)
[2024-08-12 17:46:21] Fetching org.eclipse.m2e.binaryproject.ui_2.0.200.20231030-1438.jar from https://mirror.clarkson.edu/eclipse/releases/2024-06/202406121000/plugins/ (18.89kB)
[2024-08-12 17:46:21] Fetching org.eclipse.userstorage_1.2.0.v20210517-0327.jar from https://mirror.clarkson.edu/eclipse/releases/2024-06/202406121000/features/ (19kB)
[2024-08-12 17:46:21] Fetching org.eclipse.m2e.archetype.catalog_3.2.1.2.jar from https://mirrors.jevincanders.net/eclipse/releases/2024-06/202406121000/plugins/ (19.15kB)
[2024-08-12 17:46:21] Fetching org.apache.batik.i18n_1.17.0.v20231215-1130.jar from https://mirrors.jevincanders.net/eclipse/releases/2024-06/202406121000/plugins/ (19.7kB)
[2024-08-12 17:46:21] Fetching org.eclipse.swt_3.126.0.v20240528-0813.jar from https://mirrors.jevincanders.net/eclipse/releases/2024-06/202406121000/plugins/ (19.78kB)
[2024-08-12 17:46:21] Fetching org.osgi.service.device_1.1.1.202109301733.jar from https://mirrors.jevincanders.net/eclipse/releases/2024-06/202406121000/plugins/ (19.88kB)
[2024-08-12 17:46:21] Fetching org.eclipse.ecf.ssl_1.3.0.v20230507-1921.jar from https://download.eclipse.org/releases/2024-06/202406121000/plugins/ (19.13kB)
[2024-08-12 17:46:22] Fetching org.osgi.service.prefs_1.1.2.202109301733.jar from https://download.eclipse.org/releases/2024-06/202406121000/plugins/ (19.69kB)
[2024-08-12 17:46:22] Fetching org.eclipse.rcp_root_4.32.0.v20240601-0610 from https://mirrors.jevincanders.net/eclipse/releases/2024-06/202406121000/binary/ (20.25kB)
[2024-08-12 17:46:22] Fetching org.eclipse.buildship_3.1.9.v20240115-1636.jar from https://mirrors.jevincanders.net/eclipse/releases/2024-06/202406121000/features/ (20.47kB)
[2024-08-12 17:46:22] Fetching org.eclipse.jdt.bcoview.feature_1.2.400.v20240322-0935.jar from https://mirrors.jevincanders.net/eclipse/releases/2024-06/202406121000/features/ (20.6kB)
[2024-08-12 17:46:22] Fetching org.eclipse.equinox.p2.extras.feature_1.4.2400.v20240519-2013.jar from https://mirrors.jevincanders.net/eclipse/releases/2024-06/202406121000/features/ (20.86kB)
[2024-08-12 17:46:22] Fetching org.eclipse.emf.common_2.31.0.v20240314-0928.jar from https://mirrors.jevincanders.net/eclipse/releases/2024-06/202406121000/features/ (20.89kB)
[2024-08-12 17:46:22] Fetching org.eclipse.equinox.p2.rcp.feature_1.4.2400.v20240515-1919.jar from https://mirrors.jevincanders.net/eclipse/releases/2024-06/202406121000/features/ (20.79kB)
[2024-08-12 17:46:22] Fetching org.eclipse.equinox.p2.user.ui_2.4.2400.v20240519-2013.jar from https://download.eclipse.org/releases/2024-06/202406121000/features/ (20.7kB)
[2024-08-12 17:46:22] Fetching org.eclipse.emf.ecore_2.37.0.v20240203-0859.jar from https://mirrors.jevincanders.net/eclipse/releases/2024-06/202406121000/features/ (20.95kB)
[2024-08-12 17:46:22] Fetching org.eclipse.m2e.lemminx.feature_2.0.600.20240219-1707.jar from https://download.eclipse.org/releases/2024-06/202406121000/features/ (20.78kB)
[2024-08-12 17:46:22] Fetching org.eclipse.equinox.p2.discovery.feature_1.3.400.v20240417-0757.jar from https://mirror.clarkson.edu/eclipse/releases/2024-06/202406121000/features/ (20.8kB)
[2024-08-12 17:46:23] Fetching org.eclipse.m2e.logback.feature_2.6.1.20240411-1743.jar from https://mirrors.jevincanders.net/eclipse/releases/2024-06/202406121000/features/ (21.38kB)
[2024-08-12 17:46:23] Fetching org.eclipse.equinox.p2.updatechecker_1.4.300.v20240514-1422.jar from https://mirror.clarkson.edu/eclipse/releases/2024-06/202406121000/plugins/ (20.94kB)
[2024-08-12 17:46:23] Fetching org.eclipse.wildwebdeveloper.xml.feature_1.3.4.202405270639.jar from https://mirrors.jevincanders.net/eclipse/releases/2024-06/202406121000/features/ (21.82kB)
[2024-08-12 17:46:23] Fetching org.eclipse.equinox.p2.core.feature_1.7.200.v20240515-1919.jar from https://mirrors.jevincanders.net/eclipse/releases/2024-06/202406121000/features/ (21.18kB)
[2024-08-12 17:46:23] Fetching org.eclipse.ecf.core.ssl.feature_1.1.501.v20230507-1921.jar from https://mirrors.jevincanders.net/eclipse/releases/2024-06/202406121000/features/ (21.52kB)
[2024-08-12 17:46:23] Fetching org.eclipse.ecf.core.feature_1.6.2.v20231021-2127.jar from https://mirrors.jevincanders.net/eclipse/releases/2024-06/202406121000/features/ (21.57kB)
[2024-08-12 17:46:23] Fetching org.eclipse.epp.mpc_1.10.3.v20240228-1000.jar from https://mirrors.jevincanders.net/eclipse/releases/2024-06/202406121000/features/ (22.1kB)
[2024-08-12 17:46:23] Fetching org.eclipse.rcp_4.32.0.v20240601-0610.jar from https://mirrors.jevincanders.net/eclipse/releases/2024-06/202406121000/features/ (22.18kB)
[2024-08-12 17:46:24] Fetching org.eclipse.mylyn.reviews.feature_4.3.0.v20240509-0539.jar from https://mirrors.jevincanders.net/eclipse/releases/2024-06/202406121000/features/ (22.2kB)
[2024-08-12 17:46:24] Fetching junit-platform-suite-api_1.10.2.jar from https://mirrors.jevincanders.net/eclipse/releases/2024-06/202406121000/plugins/ (22.05kB)
[2024-08-12 17:46:24] Fetching org.eclipse.m2e.logback_2.6.1.20240411-1122.jar from https://mirrors.jevincanders.net/eclipse/releases/2024-06/202406121000/plugins/ (22.21kB)
[2024-08-12 17:46:24] Fetching org.eclipse.help_2.3.1800.v20240601-0610.jar from https://mirrors.jevincanders.net/eclipse/releases/2024-06/202406121000/features/ (22.25kB)
[2024-08-12 17:46:24] Fetching org.eclipse.jdt_3.19.500.v20240601-0610.jar from https://mirrors.jevincanders.net/eclipse/releases/2024-06/202406121000/features/ (22.53kB)
[2024-08-12 17:46:24] Fetching org.eclipse.egit_6.10.0.202406032230-r.jar from https://mirrors.jevincanders.net/eclipse/releases/2024-06/202406121000/features/ (22.26kB)
[2024-08-12 17:46:24] Fetching org.eclipse.tm.terminal.control.feature_11.6.0.202403071917.jar from https://mirrors.jevincanders.net/eclipse/releases/2024-06/202406121000/features/ (22.54kB)
[2024-08-12 17:46:24] Fetching org.eclipse.tm.terminal.view.feature_11.6.0.202403071917.jar from https://mirrors.jevincanders.net/eclipse/releases/2024-06/202406121000/features/ (22.56kB)
[2024-08-12 17:46:24] Fetching org.eclipse.mylyn.github.feature_6.5.0.v20240601-0538.jar from https://mirror.clarkson.edu/eclipse/releases/2024-06/202406121000/features/ (22.33kB)
[2024-08-12 17:46:24] Fetching org.eclipse.mylyn.commons.identity.feature_4.3.0.v20240602-0603.jar from https://mirrors.jevincanders.net/eclipse/releases/2024-06/202406121000/features/ (22.72kB)
[2024-08-12 17:46:25] Fetching org.eclipse.tm.terminal.feature_11.6.0.202403071917.jar from https://mirrors.jevincanders.net/eclipse/releases/2024-06/202406121000/features/ (22.71kB)
[2024-08-12 17:46:25] Fetching org.eclipse.tm.terminal.connector.ssh.feature_11.6.0.202403071917.jar from https://mirror.clarkson.edu/eclipse/releases/2024-06/202406121000/features/ (22.58kB)
[2024-08-12 17:46:25] Fetching org.eclipse.mylyn.monitor.feature_4.3.0.v20240509-0539.jar from https://mirror.clarkson.edu/eclipse/releases/2024-06/202406121000/features/ (22.72kB)
[2024-08-12 17:46:25] Fetching org.eclipse.mylyn.versions.feature_4.3.0.v20240509-0539.jar from https://mirrors.jevincanders.net/eclipse/releases/2024-06/202406121000/features/ (22.74kB)
[2024-08-12 17:46:25] Fetching org.eclipse.mylyn.team.feature_4.3.0.v20240602-0603.jar from https://mirrors.jevincanders.net/eclipse/releases/2024-06/202406121000/features/ (22.76kB)
[2024-08-12 17:46:25] Fetching org.eclipse.mylyn.commons.feature_4.3.0.v20240602-0603.jar from https://mirrors.jevincanders.net/eclipse/releases/2024-06/202406121000/features/ (22.76kB)
[2024-08-12 17:46:26] Fetching org.eclipse.mylyn.builds.feature_4.3.0.v20240509-0539.jar from https://mirrors.jevincanders.net/eclipse/releases/2024-06/202406121000/features/ (22.76kB)
[2024-08-12 17:46:26] Fetching org.eclipse.mylyn.git.feature_4.3.0.v20240509-0539.jar from https://mirrors.jevincanders.net/eclipse/releases/2024-06/202406121000/features/ (22.76kB)
[2024-08-12 17:46:26] Fetching org.eclipse.mylyn.commons.repositories.feature_4.3.0.v20240602-0603.jar from https://download.eclipse.org/releases/2024-06/202406121000/features/ (22.83kB)
[2024-08-12 17:46:26] Fetching org.eclipse.m2e.feature_2.6.1.20240602-2342.jar from https://mirrors.jevincanders.net/eclipse/releases/2024-06/202406121000/features/ (22.81kB)
[2024-08-12 17:46:26] Fetching org.eclipse.mylyn.ide.feature_4.3.0.v20240509-0539.jar from https://mirrors.jevincanders.net/eclipse/releases/2024-06/202406121000/features/ (22.79kB)
[2024-08-12 17:46:26] Fetching org.eclipse.mylyn.commons.activity.feature_4.3.0.v20240509-0539.jar from https://mirror.clarkson.edu/eclipse/releases/2024-06/202406121000/features/ (22.79kB)
[2024-08-12 17:46:26] Fetching org.eclipse.mylyn.context.feature_4.3.0.v20240602-0603.jar from https://mirror.clarkson.edu/eclipse/releases/2024-06/202406121000/features/ (22.8kB)
[2024-08-12 17:46:26] Fetching org.eclipse.mylyn.jenkins.feature_4.3.0.v20240509-0539.jar from https://mirror.clarkson.edu/eclipse/releases/2024-06/202406121000/features/ (22.81kB)
[2024-08-12 17:46:26] Fetching org.eclipse.mylyn.commons.notifications.feature_4.3.0.v20240602-0603.jar from https://mirror.clarkson.edu/eclipse/releases/2024-06/202406121000/features/ (22.8kB)
[2024-08-12 17:46:26] Fetching org.eclipse.mylyn.egit.feature_4.3.0.v20240602-0603.jar from https://download.eclipse.org/releases/2024-06/202406121000/features/ (22.85kB)
[2024-08-12 17:46:27] Fetching org.eclipse.tips.feature_0.4.400.v20240525-0701.jar from https://mirrors.jevincanders.net/eclipse/releases/2024-06/202406121000/features/ (22.9kB)
[2024-08-12 17:46:27] Fetching org.eclipse.mylyn.wikitext.feature_4.3.0.v20240602-0603.jar from https://download.eclipse.org/releases/2024-06/202406121000/features/ (22.88kB)
[2024-08-12 17:46:27] Fetching org.eclipse.platform_4.32.0.v20240601-0610.jar from https://mirrors.jevincanders.net/eclipse/releases/2024-06/202406121000/features/ (23.04kB)
[2024-08-12 17:46:27] Fetching org.osgi.util.function_1.2.0.202109301733.jar from https://mirrors.jevincanders.net/eclipse/releases/2024-06/202406121000/plugins/ (23.09kB)
[2024-08-12 17:46:27] Fetching org.eclipse.e4.ui.workbench3_0.17.400.v20240321-1245.jar from https://mirrors.jevincanders.net/eclipse/releases/2024-06/202406121000/plugins/ (23.24kB)
[2024-08-12 17:46:27] Fetching org.eclipse.mylyn.tasks.feature_4.3.0.v20240602-0603.jar from https://download.eclipse.org/releases/2024-06/202406121000/features/ (22.88kB)
[2024-08-12 17:46:27] Fetching org.eclipse.mylyn.jdt.feature_4.3.0.v20240514-0726.jar from https://download.eclipse.org/releases/2024-06/202406121000/features/ (22.9kB)
[2024-08-12 17:46:28] Fetching org.eclipse.e4.rcp_4.32.0.v20240528-0813.jar from https://mirror.clarkson.edu/eclipse/releases/2024-06/202406121000/features/ (23.34kB)
[2024-08-12 17:46:28] Fetching org.eclipse.mylyn.commons.identity.ui_4.3.0.v20240509-0539.jar from https://download.eclipse.org/releases/2024-06/202406121000/plugins/ (23.06kB)
[2024-08-12 17:46:28] Fetching org.eclipse.tips.json_0.3.400.v20240525-0701.jar from https://mirror.clarkson.edu/eclipse/releases/2024-06/202406121000/plugins/ (23.36kB)
[2024-08-12 17:46:28] Fetching org.eclipse.mylyn.tasks.activity.core_4.3.0.v20240509-0539.jar from https://mirrors.jevincanders.net/eclipse/releases/2024-06/202406121000/plugins/ (23.47kB)
[2024-08-12 17:46:29] Fetching org.eclipse.m2e.binaryproject_2.1.203.20240411-1122.jar from https://mirror.clarkson.edu/eclipse/releases/2024-06/202406121000/plugins/ (23.49kB)
[2024-08-12 17:46:29] Fetching org.eclipse.eclemma.feature_3.1.9.202405260028.jar from https://mirror.clarkson.edu/eclipse/releases/2024-06/202406121000/features/ (23.53kB)
[2024-08-12 17:46:29] Fetching junit-platform-suite-engine_1.10.2.jar from https://mirror.clarkson.edu/eclipse/releases/2024-06/202406121000/plugins/ (23.55kB)
[2024-08-12 17:46:29] Fetching org.eclipse.m2e.profiles.core_2.1.202.20240411-1122.jar from https://mirror.clarkson.edu/eclipse/releases/2024-06/202406121000/plugins/ (23.81kB)
[2024-08-12 17:46:29] Fetching org.eclipse.m2e.archetype.descriptor_3.2.1.2.jar from https://mirror.clarkson.edu/eclipse/releases/2024-06/202406121000/plugins/ (23.89kB)
[2024-08-12 17:46:29] Fetching org.eclipse.epp.mpc.ui.css_1.10.3.v20240221-1216.jar from https://mirrors.jevincanders.net/eclipse/releases/2024-06/202406121000/plugins/ (24.29kB)
[2024-08-12 17:46:29] Fetching org.eclipse.mylyn.jenkins.ui_4.3.0.v20240509-0539.jar from https://mirror.clarkson.edu/eclipse/releases/2024-06/202406121000/plugins/ (24.39kB)
[2024-08-12 17:46:29] Fetching org.apache.httpcomponents.client5.httpclient5-win_5.2.1.v20230802-0847.jar from https://mirror.clarkson.edu/eclipse/releases/2024-06/202406121000/plugins/ (24.57kB)
[2024-08-12 17:46:29] Fetching org.eclipse.mylyn.git.ui_4.3.0.v20240509-0539.jar from https://mirror.clarkson.edu/eclipse/releases/2024-06/202406121000/plugins/ (24.74kB)
[2024-08-12 17:46:29] Fetching org.eclipse.ecf.provider.filetransfer.httpclient5.win32_1.1.0.v20230423-0417.jar from https://mirror.clarkson.edu/eclipse/releases/2024-06/202406121000/plugins/ (24.79kB)
[2024-08-12 17:46:29] Fetching jakarta.annotation-api_2.1.1.jar from https://mirror.clarkson.edu/eclipse/releases/2024-06/202406121000/plugins/ (25.53kB)
[2024-08-12 17:46:29] Fetching org.eclipse.mylyn.git.core_4.3.0.v20240509-0539.jar from https://mirrors.jevincanders.net/eclipse/releases/2024-06/202406121000/plugins/ (25.33kB)
[2024-08-12 17:46:30] Fetching org.eclipse.ui.win32_3.5.300.v20240524-2010.jar from https://mirrors.jevincanders.net/eclipse/releases/2024-06/202406121000/plugins/ (25.79kB)
[2024-08-12 17:46:30] Fetching org.eclipse.equinox.p2.garbagecollector_1.3.300.v20240321-1450.jar from https://mirrors.jevincanders.net/eclipse/releases/2024-06/202406121000/plugins/ (26.99kB)
[2024-08-12 17:46:30] Fetching org.eclipse.ui.win32_3.5.300.v20240524-2010.jar from https://mirrors.jevincanders.net/eclipse/releases/2024-06/202406121000/plugins/ (25.79kB)
[2024-08-12 17:46:30] Fetching org.eclipse.equinox.p2.garbagecollector_1.3.300.v20240321-1450.jar from https://mirrors.jevincanders.net/eclipse/releases/2024-06/202406121000/plugins/ (26.99kB)
[2024-08-12 17:46:30] Fetching org.eclipse.ui.intro.quicklinks_1.2.400.v20240414-1916.jar from https://mirrors.jevincanders.net/eclipse/releases/2024-06/202406121000/plugins/ (25.81kB)
[2024-08-12 17:46:30] Fetching org.eclipse.tm.terminal.connector.local.feature_11.6.0.202403071917.jar from https://mirrors.jevincanders.net/eclipse/releases/2024-06/202406121000/features/ (26.33kB)
[2024-08-12 17:46:30] Fetching org.eclipse.ecf.filetransfer.ssl.feature_1.1.402.v20231021-2127.jar from https://mirror.clarkson.edu/eclipse/releases/2024-06/202406121000/features/ (25.56kB)
[2024-08-12 17:46:30] Fetching org.eclipse.mylyn.java.tasks_4.3.0.v20240509-0539.jar from https://mirror.clarkson.edu/eclipse/releases/2024-06/202406121000/plugins/ (25.63kB)
[2024-08-12 17:46:30] Fetching org.osgi.util.measurement_1.0.2.201802012109.jar from https://mirror.clarkson.edu/eclipse/releases/2024-06/202406121000/plugins/ (25.74kB)
[2024-08-12 17:46:30] Fetching org.eclipse.tm.terminal.connector.telnet.feature_11.6.0.202403071917.jar from https://mirror.clarkson.edu/eclipse/releases/2024-06/202406121000/features/ (26.34kB)
[2024-08-12 17:46:30] Fetching org.eclipse.e4.ui.services_1.6.300.v20231201-1637.jar from https://download.eclipse.org/releases/2024-06/202406121000/plugins/ (26.42kB)
[2024-08-12 17:46:30] Fetching org.eclipse.mylyn.egit.ui_4.3.0.v20240509-0539.jar from https://mirrors.jevincanders.net/eclipse/releases/2024-06/202406121000/plugins/ (27.33kB)
[2024-08-12 17:46:31] Fetching org.eclipse.core.net.win32_1.1.400.v20240414-0911.jar from https://mirrors.jevincanders.net/eclipse/releases/2024-06/202406121000/plugins/ (27.77kB)
[2024-08-12 17:46:31] Fetching junit-jupiter-migrationsupport_5.10.2.jar from https://download.eclipse.org/releases/2024-06/202406121000/plugins/ (27.06kB)
[2024-08-12 17:46:31] Fetching org.eclipse.m2e.sourcelookup.ui_2.0.401.20240411-1122.jar from https://mirrors.jevincanders.net/eclipse/releases/2024-06/202406121000/plugins/ (27.98kB)
[2024-08-12 17:46:31] Fetching org.eclipse.jdt.junit5.runtime_1.1.300.v20231214-1952.jar from https://mirrors.jevincanders.net/eclipse/releases/2024-06/202406121000/plugins/ (28.27kB)
[2024-08-12 17:46:31] Fetching org.eclipse.equinox.concurrent_1.3.100.v20240514-0729.jar from https://mirrors.jevincanders.net/eclipse/releases/2024-06/202406121000/plugins/ (28.35kB)
[2024-08-12 17:46:31] Fetching org.eclipse.equinox.http.jetty_3.9.200.v20240321-1445.jar from https://mirrors.jevincanders.net/eclipse/releases/2024-06/202406121000/plugins/ (29.31kB)
[2024-08-12 17:46:31] Fetching org.eclipse.jdt.junit4.runtime_1.3.100.v20231214-1952.jar from https://mirror.clarkson.edu/eclipse/releases/2024-06/202406121000/plugins/ (28.39kB)
[2024-08-12 17:46:31] Fetching org.eclipse.e4.core.commands_1.1.400.v20240424-0444.jar from https://mirrors.jevincanders.net/eclipse/releases/2024-06/202406121000/plugins/ (29.41kB)
[2024-08-12 17:46:31] Fetching org.eclipse.ecf.filetransfer.feature_3.14.1900.v20230715-1945.jar from https://mirrors.jevincanders.net/eclipse/releases/2024-06/202406121000/features/ (29.66kB)
[2024-08-12 17:46:31] Fetching org.eclipse.equinox.simpleconfigurator.manipulator_2.3.200.v20240321-1450.jar from https://mirror.clarkson.edu/eclipse/releases/2024-06/202406121000/plugins/ (28.85kB)
[2024-08-12 17:46:32] Fetching org.eclipse.jgit.http.apache_6.10.0.202406032230-r.jar from https://mirror.clarkson.edu/eclipse/releases/2024-06/202406121000/plugins/ (28.89kB)
[2024-08-12 17:46:32] Fetching org.eclipse.ecf.filetransfer.httpclientjava.feature_2.0.200.v20231114-1017.jar from https://mirror.clarkson.edu/eclipse/releases/2024-06/202406121000/features/ (29.57kB)
[2024-08-12 17:46:33] Fetching org.eclipse.ecf.filetransfer.httpclient5.feature_1.1.702.v20231114-1017.jar from https://mirrors.jevincanders.net/eclipse/releases/2024-06/202406121000/features/ (29.69kB)
[2024-08-12 17:46:33] Fetching org.osgi.service.metatype_1.4.1.202109301733.jar from https://mirrors.jevincanders.net/eclipse/releases/2024-06/202406121000/plugins/ (29.67kB)
[2024-08-12 17:46:33] Fetching org.eclipse.equinox.jsp.jasper_1.2.100.v20240321-1445.jar from https://mirrors.jevincanders.net/eclipse/releases/2024-06/202406121000/plugins/ (29.66kB)
[2024-08-12 17:46:33] Fetching org.eclipse.mylyn.ide.ant_4.3.0.v20240509-0539.jar from https://mirrors.jevincanders.net/eclipse/releases/2024-06/202406121000/plugins/ (29.73kB)
[2024-08-12 17:46:33] Fetching org.eclipse.equinox.p2.console_1.3.400.v20240321-1450.jar from https://mirrors.jevincanders.net/eclipse/releases/2024-06/202406121000/plugins/ (31.25kB)
[2024-08-12 17:46:33] Fetching org.eclipse.m2e.mavenarchiver_2.0.501.20240411-1122.jar from https://download.eclipse.org/releases/2024-06/202406121000/plugins/ (31.14kB)
[2024-08-12 17:46:33] Fetching org.eclipse.jgit.archive_6.10.0.202406032230-r.jar from https://mirror.clarkson.edu/eclipse/releases/2024-06/202406121000/plugins/ (29.86kB)
[2024-08-12 17:46:33] Fetching org.eclipse.e4.ui.css.swt.theme_0.14.400.v20240424-0956.jar from https://mirror.clarkson.edu/eclipse/releases/2024-06/202406121000/plugins/ (30.18kB)
[2024-08-12 17:46:33] Fetching org.osgi.service.upnp_1.2.1.202109301733.jar from https://mirror.clarkson.edu/eclipse/releases/2024-06/202406121000/plugins/ (30.58kB)
[2024-08-12 17:46:33] Fetching org.eclipse.jdt.annotation_2.3.0.v20240111-2306.jar from https://mirror.clarkson.edu/eclipse/releases/2024-06/202406121000/plugins/ (31.08kB)
[2024-08-12 17:46:34] Fetching org.eclipse.tm.terminal.connector.local_4.8.100.202402230238.jar from https://mirrors.jevincanders.net/eclipse/releases/2024-06/202406121000/plugins/ (32.17kB)
[2024-08-12 17:46:34] Fetching org.eclipse.mylyn.tasks.index.ui_4.3.0.v20240509-0539.jar from https://mirrors.jevincanders.net/eclipse/releases/2024-06/202406121000/plugins/ (31.53kB)
[2024-08-12 17:46:34] Fetching org.eclipse.jface.notifications_0.7.200.v20240321-1245.jar from https://mirrors.jevincanders.net/eclipse/releases/2024-06/202406121000/plugins/ (33.05kB)
[2024-08-12 17:46:34] Fetching org.glassfish.hk2.osgi-resource-locator_2.5.0.v20161103-1916.jar from https://mirrors.jevincanders.net/eclipse/releases/2024-06/202406121000/plugins/ (33.49kB)
[2024-08-12 17:46:34] Fetching org.eclipse.ui.themes_1.2.2400.v20240213-1133.jar from https://download.eclipse.org/releases/2024-06/202406121000/plugins/ (33.85kB)
[2024-08-12 17:46:35] Fetching org.objectweb.asm.tree.analysis_9.7.0.jar from https://download.eclipse.org/releases/2024-06/202406121000/plugins/ (33.96kB)
[2024-08-12 17:46:35] Fetching org.eclipse.equinox.p2.directorywatcher_1.4.400.v20240321-1450.jar from https://download.eclipse.org/releases/2024-06/202406121000/plugins/ (33.73kB)
[2024-08-12 17:46:35] Fetching org.eclipse.mylyn.versions.core_4.3.0.v20240509-0539.jar from https://download.eclipse.org/releases/2024-06/202406121000/plugins/ (33.8kB)
[2024-08-12 17:46:35] Fetching org.eclipse.mylyn.commons.notifications.feed_4.3.0.v20240509-0539.jar from https://download.eclipse.org/releases/2024-06/202406121000/plugins/ (34.92kB)
[2024-08-12 17:46:35] Fetching org.osgi.service.useradmin_1.1.1.202109301733.jar from https://download.eclipse.org/releases/2024-06/202406121000/plugins/ (35.82kB)
[2024-08-12 17:46:35] Fetching org.eclipse.tm.terminal.connector.process_4.9.100.202402230238.jar from https://mirror.clarkson.edu/eclipse/releases/2024-06/202406121000/plugins/ (34.01kB)
[2024-08-12 17:46:35] Fetching org.eclipse.mylyn.tasks.index.core_4.3.0.v20240509-0539.jar from https://mirror.clarkson.edu/eclipse/releases/2024-06/202406121000/plugins/ (36.38kB)
[2024-08-12 17:46:35] Fetching org.eclipse.equinox.event_1.7.100.v20240321-1445.jar from https://download.eclipse.org/releases/2024-06/202406121000/plugins/ (35.52kB)
[2024-08-12 17:46:36] Fetching org.apache.felix.gogo.command_1.1.2.jar from https://mirror.clarkson.edu/eclipse/releases/2024-06/202406121000/plugins/ (38.76kB)
[2024-08-12 17:46:36] Fetching org.eclipse.core.variables_3.6.400.v20240413-1529.jar from https://download.eclipse.org/releases/2024-06/202406121000/plugins/ (37.54kB)
[2024-08-12 17:46:36] Fetching org.eclipse.mylyn.commons.activity.ui_4.3.0.v20240509-0539.jar from https://download.eclipse.org/releases/2024-06/202406121000/plugins/ (36.95kB)
[2024-08-12 17:46:36] Fetching org.eclipse.core.filesystem.win32.x86_64_1.4.300.v20220812-1420.jar from https://mirror.clarkson.edu/eclipse/releases/2024-06/202406121000/plugins/ (39.29kB)
[2024-08-12 17:46:36] Fetching org.eclipse.mylyn.ide.ui_4.3.0.v20240509-0539.jar from https://mirror.clarkson.edu/eclipse/releases/2024-06/202406121000/plugins/ (38.77kB)
[2024-08-12 17:46:36] Fetching org.eclipse.equinox.p2.extensionlocation_1.5.400.v20240321-1450.jar from https://download.eclipse.org/releases/2024-06/202406121000/plugins/ (37.71kB)
[2024-08-12 17:46:37] Fetching org.eclipse.equinox.frameworkadmin_2.3.200.v20240321-1450.jar from https://download.eclipse.org/releases/2024-06/202406121000/plugins/ (39.11kB)
[2024-08-12 17:46:37] Fetching org.eclipse.mylyn.commons.repositories.http.core_4.3.0.v20240509-0539.jar from https://mirror.clarkson.edu/eclipse/releases/2024-06/202406121000/plugins/ (39.68kB)
[2024-08-12 17:46:37] Fetching org.eclipse.m2e.jdt.ui_2.0.401.20240411-1122.jar from https://mirror.clarkson.edu/eclipse/releases/2024-06/202406121000/plugins/ (39.96kB)
[2024-08-12 17:46:37] Fetching org.eclipse.mylyn.debug.ui_4.3.0.v20240509-0539.jar from https://mirror.clarkson.edu/eclipse/releases/2024-06/202406121000/plugins/ (40.03kB)
[2024-08-12 17:46:37] Fetching org.eclipse.equinox.p2.discovery_1.3.300.v20240321-1450.jar from https://mirror.clarkson.edu/eclipse/releases/2024-06/202406121000/plugins/ (40.14kB)
[2024-08-12 17:46:38] Fetching org.eclipse.mylyn.commons.xmlrpc_4.3.0.v20240509-0539.jar from https://mirror.clarkson.edu/eclipse/releases/2024-06/202406121000/plugins/ (40.77kB)
[2024-08-12 17:46:38] Fetching org.eclipse.mylyn.monitor.core_4.3.0.v20240509-0539.jar from https://mirror.clarkson.edu/eclipse/releases/2024-06/202406121000/plugins/ (42.98kB)
[2024-08-12 17:46:38] Fetching org.eclipse.jdt.apt.pluggable.core_1.4.400.v20240321-1252.jar from https://mirror.clarkson.edu/eclipse/releases/2024-06/202406121000/plugins/ (42.18kB)
[2024-08-12 17:46:38] Fetching org.eclipse.jgit.ssh.apache.agent_6.10.0.202406032230-r.jar from https://mirror.clarkson.edu/eclipse/releases/2024-06/202406121000/plugins/ (41.48kB)
[2024-08-12 17:46:38] Fetching org.eclipse.e4.core.di.extensions.supplier_0.17.500.v20240419-1233.jar from https://download.eclipse.org/releases/2024-06/202406121000/plugins/ (41.54kB)
[2024-08-12 17:46:38] Fetching org.eclipse.tm4e.registry_0.12.0.202405210827.jar from https://download.eclipse.org/releases/2024-06/202406121000/plugins/ (42.22kB)
[2024-08-12 17:46:38] Fetching org.eclipse.core.externaltools_1.3.400.v20240413-1529.jar from https://download.eclipse.org/releases/2024-06/202406121000/plugins/ (42.82kB)
[2024-08-12 17:46:38] Fetching org.osgi.service.wireadmin_1.0.2.202109301733.jar from https://download.eclipse.org/releases/2024-06/202406121000/plugins/ (42.85kB)
[2024-08-12 17:46:38] Fetching org.eclipse.m2e.profiles.ui_2.0.302.20240411-1122.jar from https://mirror.clarkson.edu/eclipse/releases/2024-06/202406121000/plugins/ (43.14kB)
[2024-08-12 17:46:38] Fetching org.eclipse.compare.win32_1.3.400.v20240514-1716.jar from https://mirror.clarkson.edu/eclipse/releases/2024-06/202406121000/plugins/ (43.28kB)
[2024-08-12 17:46:39] Fetching org.eclipse.jsch.core_1.5.400.v20240413-1649.jar from https://mirror.clarkson.edu/eclipse/releases/2024-06/202406121000/plugins/ (43.53kB)
[2024-08-12 17:46:39] Fetching org.apache.ws.commons.util_1.0.2.v20230723-0712.jar from https://mirror.clarkson.edu/eclipse/releases/2024-06/202406121000/plugins/ (43.94kB)
[2024-08-12 17:46:39] Fetching org.eclipse.m2e.apt.ui_2.0.402.20240411-1122.jar from https://mirror.clarkson.edu/eclipse/releases/2024-06/202406121000/plugins/ (45.19kB)
[2024-08-12 17:46:40] Fetching org.eclipse.userstorage.ui_1.1.0.v20190307-0457.jar from https://mirror.clarkson.edu/eclipse/releases/2024-06/202406121000/plugins/ (44.88kB)
[2024-08-12 17:46:40] Fetching org.eclipse.tm.terminal.view.core_4.10.300.202403071917.jar from https://mirrors.jevincanders.net/eclipse/releases/2024-06/202406121000/plugins/ (45.58kB)
[2024-08-12 17:46:40] Fetching org.eclipse.jdt_3.19.500.v20240601-0610.jar from https://mirrors.jevincanders.net/eclipse/releases/2024-06/202406121000/plugins/ (46.15kB)
[2024-08-12 17:46:40] Fetching org.eclipse.equinox.launcher_1.6.800.v20240513-1750.jar from https://mirror.clarkson.edu/eclipse/releases/2024-06/202406121000/plugins/ (47.16kB)
[2024-08-12 17:46:40] Fetching org.eclipse.ui.net_1.5.400.v20240413-1529.jar from https://mirror.clarkson.edu/eclipse/releases/2024-06/202406121000/plugins/ (47.76kB)
[2024-08-12 17:46:40] Fetching javax.annotation_1.3.5.v20200909-1856.jar from https://mirrors.jevincanders.net/eclipse/releases/2024-06/202406121000/plugins/ (46.27kB)
[2024-08-12 17:46:40] Fetching org.osgi.service.event_1.4.1.202109301733.jar from https://mirror.clarkson.edu/eclipse/releases/2024-06/202406121000/plugins/ (46.59kB)
[2024-08-12 17:46:40] Fetching org.eclipse.mylyn.wikitext.twiki_4.3.0.v20240602-0603.jar from https://mirror.clarkson.edu/eclipse/releases/2024-06/202406121000/plugins/ (48.4kB)
[2024-08-12 17:46:40] Fetching org.eclipse.mylyn.wikitext.ant_4.3.0.v20240602-0603.jar from https://mirror.clarkson.edu/eclipse/releases/2024-06/202406121000/plugins/ (47.92kB)
[2024-08-12 17:46:41] Fetching org.eclipse.mylyn.commons.identity.core_4.3.0.v20240602-0603.jar from https://mirrors.jevincanders.net/eclipse/releases/2024-06/202406121000/plugins/ (48.5kB)
[2024-08-12 17:46:41] Fetching org.eclipse.equinox.p2.transport.ecf_1.4.300.v20240321-1450.jar from https://mirror.clarkson.edu/eclipse/releases/2024-06/202406121000/plugins/ (48.16kB)
[2024-08-12 17:46:41] Fetching org.eclipse.e4.ui.bindings_0.14.400.v20240321-1245.jar from https://mirror.clarkson.edu/eclipse/releases/2024-06/202406121000/plugins/ (48.56kB)
[2024-08-12 17:46:41] Fetching org.eclipse.mylyn.wikitext.html_4.3.0.v20240602-0603.jar from https://mirror.clarkson.edu/eclipse/releases/2024-06/202406121000/plugins/ (48.85kB)
[2024-08-12 17:46:42] Fetching org.eclipse.equinox.p2.reconciler.dropins_1.5.400.v20240321-1450.jar from https://mirror.clarkson.edu/eclipse/releases/2024-06/202406121000/plugins/ (52.2kB)
[2024-08-12 17:46:42] Fetching org.eclipse.equinox.http.registry_1.4.100.v20240321-1445.jar from https://mirrors.jevincanders.net/eclipse/releases/2024-06/202406121000/plugins/ (49.97kB)
[2024-08-12 17:46:42] Fetching org.eclipse.core.net_1.5.400.v20240413-1529.jar from https://mirror.clarkson.edu/eclipse/releases/2024-06/202406121000/plugins/ (49.82kB)
[2024-08-12 17:46:42] Fetching org.eclipse.wst.common.uriresolver_1.4.0.v202308161955.jar from https://mirrors.jevincanders.net/eclipse/releases/2024-06/202406121000/plugins/ (50.33kB)
[2024-08-12 17:46:42] Fetching org.objectweb.asm.tree_9.7.0.jar from https://mirrors.jevincanders.net/eclipse/releases/2024-06/202406121000/plugins/ (50.72kB)
[2024-08-12 17:46:42] Fetching org.eclipse.mylyn.commons.repositories.core_4.3.0.v20240602-0603.jar from https://mirror.clarkson.edu/eclipse/releases/2024-06/202406121000/plugins/ (52.03kB)
[2024-08-12 17:46:42] Fetching org.eclipse.mylyn.monitor.ui_4.3.0.v20240509-0539.jar from https://mirrors.jevincanders.net/eclipse/releases/2024-06/202406121000/plugins/ (52.35kB)
[2024-08-12 17:46:42] Fetching org.eclipse.tips.ui_0.3.400.v20240413-1529.jar from https://mirror.clarkson.edu/eclipse/releases/2024-06/202406121000/plugins/ (53.8kB)
[2024-08-12 17:46:42] Fetching org.eclipse.equinox.simpleconfigurator_1.5.300.v20240424-1301.jar from https://mirrors.jevincanders.net/eclipse/releases/2024-06/202406121000/plugins/ (53.98kB)
[2024-08-12 17:46:42] Fetching org.eclipse.equinox.bidi_1.5.100.v20240321-1445.jar from https://mirror.clarkson.edu/eclipse/releases/2024-06/202406121000/plugins/ (52.96kB)
[2024-08-12 17:46:43] Fetching org.eclipse.wst.common.environment_1.1.0.v202308161955.jar from https://mirror.clarkson.edu/eclipse/releases/2024-06/202406121000/plugins/ (52.65kB)
[2024-08-12 17:46:43] Fetching org.eclipse.urischeme_1.3.300.v20240424-0956.jar from https://mirrors.jevincanders.net/eclipse/releases/2024-06/202406121000/plugins/ (55.24kB)
[2024-08-12 17:46:43] Fetching org.eclipse.tm.terminal.connector.telnet_4.8.100.202312281935.jar from https://mirror.clarkson.edu/eclipse/releases/2024-06/202406121000/plugins/ (53.84kB)
[2024-08-12 17:46:43] Fetching org.osgi.service.cm_1.6.1.202109301733.jar from https://mirrors.jevincanders.net/eclipse/releases/2024-06/202406121000/plugins/ (54.28kB)
[2024-08-12 17:46:43] Fetching org.eclipse.e4.emf.xpath_0.4.300.v20240321-1245.jar from https://mirror.clarkson.edu/eclipse/releases/2024-06/202406121000/plugins/ (54kB)
[2024-08-12 17:46:43] Fetching org.eclipse.userstorage.oauth_1.1.0.v20190307-0457.jar from https://mirror.clarkson.edu/eclipse/releases/2024-06/202406121000/plugins/ (58.26kB)
[2024-08-12 17:46:43] Fetching org.eclipse.ecf.filetransfer_5.1.103.v20230705-0614.jar from https://mirrors.jevincanders.net/eclipse/releases/2024-06/202406121000/plugins/ (55.69kB)
[2024-08-12 17:46:43] Fetching org.eclipse.ecf.discovery_5.2.0.v20231021-2050.jar from https://mirrors.jevincanders.net/eclipse/releases/2024-06/202406121000/plugins/ (56.21kB)
[2024-08-12 17:46:43] Fetching org.eclipse.jdt.junit.runtime_3.7.400.v20231214-1952.jar from https://mirror.clarkson.edu/eclipse/releases/2024-06/202406121000/plugins/ (59.13kB)
[2024-08-12 17:46:43] Fetching org.eclipse.e4.core.contexts_1.12.600.v20240413-1529.jar from https://mirrors.jevincanders.net/eclipse/releases/2024-06/202406121000/plugins/ (56.73kB)
[2024-08-12 17:46:44] Fetching org.eclipse.core.resources.win32.x86_64_3.5.500.v20220812-1420.jar from https://download.eclipse.org/releases/2024-06/202406121000/plugins/ (59.56kB)
[2024-08-12 17:46:44] Fetching org.apache.felix.gogo.shell_1.1.4.jar from https://mirror.clarkson.edu/eclipse/releases/2024-06/202406121000/plugins/ (57.69kB)
[2024-08-12 17:46:44] Fetching org.eclipse.search.core_3.16.200.v20240502-1134.jar from https://download.eclipse.org/releases/2024-06/202406121000/plugins/ (59.91kB)
[2024-08-12 17:46:44] Fetching org.eclipse.e4.ui.dialogs_1.5.0.v20240424-0957.jar from https://mirror.clarkson.edu/eclipse/releases/2024-06/202406121000/plugins/ (58.88kB)
[2024-08-12 17:46:44] Fetching net.i2p.crypto.eddsa_0.3.0.jar from https://mirrors.jevincanders.net/eclipse/releases/2024-06/202406121000/plugins/ (61.81kB)
[2024-08-12 17:46:44] Fetching org.eclipse.m2e.scm_2.0.202.20240411-1122.jar from https://mirror.clarkson.edu/eclipse/releases/2024-06/202406121000/plugins/ (62.57kB)
[2024-08-12 17:46:44] Fetching org.eclipse.equinox.p2.discovery.compatibility_1.3.300.v20240417-0757.jar from https://mirror.clarkson.edu/eclipse/releases/2024-06/202406121000/plugins/ (61.59kB)
[2024-08-12 17:46:44] Fetching org.eclipse.wst.common.core_1.4.100.v202103232321.jar from https://mirror.clarkson.edu/eclipse/releases/2024-06/202406121000/plugins/ (61.73kB)
[2024-08-12 17:46:44] Fetching org.eclipse.mylyn.commons.notifications.ui_4.3.0.v20240602-0603.jar from https://mirrors.jevincanders.net/eclipse/releases/2024-06/202406121000/plugins/ (62.59kB)
[2024-08-12 17:46:45] Fetching org.eclipse.equinox.p2.jarprocessor_1.3.400.v20240321-1450.jar from https://mirror.clarkson.edu/eclipse/releases/2024-06/202406121000/plugins/ (64.5kB)
[2024-08-12 17:46:45] Fetching org.eclipse.e4.core.di_1.9.400.v20240414-1643.jar from https://mirrors.jevincanders.net/eclipse/releases/2024-06/202406121000/plugins/ (63.06kB)
[2024-08-12 17:46:45] Fetching org.osgi.service.component_1.5.1.202212101352.jar from https://mirror.clarkson.edu/eclipse/releases/2024-06/202406121000/plugins/ (64.89kB)
[2024-08-12 17:46:45] Fetching org.eclipse.ui.monitoring_1.3.300.v20240321-1245.jar from https://mirrors.jevincanders.net/eclipse/releases/2024-06/202406121000/plugins/ (63.4kB)
[2024-08-12 17:46:45] Fetching org.eclipse.tm.terminal.connector.ssh_4.8.300.202403071917.jar from https://mirrors.jevincanders.net/eclipse/releases/2024-06/202406121000/plugins/ (63.6kB)
[2024-08-12 17:46:45] Fetching org.eclipse.m2e.apt.core_2.2.202.20240411-1122.jar from https://download.eclipse.org/releases/2024-06/202406121000/plugins/ (66.19kB)
[2024-08-12 17:46:45] Fetching org.eclipse.ecf.identity_3.10.0.v20230422-0242.jar from https://download.eclipse.org/releases/2024-06/202406121000/plugins/ (67.72kB)
[2024-08-12 17:46:45] Fetching org.eclipse.mylyn.wikitext.tracwiki_4.3.0.v20240602-0603.jar from https://mirror.clarkson.edu/eclipse/releases/2024-06/202406121000/plugins/ (65.17kB)
[2024-08-12 17:46:45] Fetching org.eclipse.mylyn.tasks.search_4.3.0.v20240509-0539.jar from https://mirrors.jevincanders.net/eclipse/releases/2024-06/202406121000/plugins/ (70.03kB)
[2024-08-12 17:46:45] Fetching junit-vintage-engine_5.10.2.jar from https://mirror.clarkson.edu/eclipse/releases/2024-06/202406121000/plugins/ (65.9kB)
[2024-08-12 17:46:45] Fetching org.eclipse.mylyn.resources.ui_4.3.0.v20240509-0539.jar from https://mirror.clarkson.edu/eclipse/releases/2024-06/202406121000/plugins/ (67.73kB)
[2024-08-12 17:46:46] Fetching org.eclipse.equinox.p2.director.app_1.3.400.v20240425-1316.jar from https://mirror.clarkson.edu/eclipse/releases/2024-06/202406121000/plugins/ (68.8kB)
[2024-08-12 17:46:46] Fetching org.eclipse.e4.core.services_2.4.400.v20240413-1529.jar from https://mirrors.jevincanders.net/eclipse/releases/2024-06/202406121000/plugins/ (71.78kB)
[2024-08-12 17:46:46] Fetching org.objectweb.asm.commons_9.7.0.jar from https://mirrors.jevincanders.net/eclipse/releases/2024-06/202406121000/plugins/ (71.71kB)
[2024-08-12 17:46:46] Fetching org.apache.commons.cli_1.8.0.jar from https://mirrors.jevincanders.net/eclipse/releases/2024-06/202406121000/plugins/ (71.87kB)
[2024-08-12 17:46:46] Fetching org.apache.xmlrpc.client_3.1.3.v20160817-1930.jar from https://mirror.clarkson.edu/eclipse/releases/2024-06/202406121000/plugins/ (73.89kB)
[2024-08-12 17:46:46] Fetching org.eclipse.jgit.gpg.bc_6.10.0.202406032230-r.jar from https://download.eclipse.org/releases/2024-06/202406121000/plugins/ (71.05kB)
[2024-08-12 17:46:46] Fetching org.eclipse.compare.core_3.8.500.v20240524-2010.jar from https://download.eclipse.org/releases/2024-06/202406121000/plugins/ (71.23kB)
[2024-08-12 17:46:46] Fetching org.eclipse.cdt.core.native_6.3.400.202404270026.jar from https://download.eclipse.org/releases/2024-06/202406121000/plugins/ (71.69kB)
[2024-08-12 17:46:46] Fetching org.eclipse.core.filesystem_1.10.400.v20240426-1040.jar from https://download.eclipse.org/releases/2024-06/202406121000/plugins/ (73.51kB)
[2024-08-12 17:46:46] Fetching org.eclipse.equinox.frameworkadmin.equinox_1.3.200.v20240321-1450.jar from https://mirrors.jevincanders.net/eclipse/releases/2024-06/202406121000/plugins/ (72.55kB)
[2024-08-12 17:46:47] Fetching org.eclipse.nebula.widgets.tablecombo_1.2.0.202406021704.jar from https://mirror.clarkson.edu/eclipse/releases/2024-06/202406121000/plugins/ (74.02kB)
[2024-08-12 17:46:47] Fetching org.eclipse.jdt.apt.ui_3.8.400.v20240321-1252.jar from https://mirror.clarkson.edu/eclipse/releases/2024-06/202406121000/plugins/ (74.08kB)
[2024-08-12 17:46:47] Fetching org.eclipse.mylyn.github.core_6.5.0.v20240509-0539.jar from https://download.eclipse.org/releases/2024-06/202406121000/plugins/ (77.99kB)
[2024-08-12 17:46:47] Fetching org.eclipse.m2e.refactoring_2.0.303.20240411-1122.jar from https://mirror.clarkson.edu/eclipse/releases/2024-06/202406121000/plugins/ (77.27kB)
[2024-08-12 17:46:47] Fetching org.eclipse.m2e.discovery_2.0.202.20240411-1122.jar from https://mirror.clarkson.edu/eclipse/releases/2024-06/202406121000/plugins/ (76.43kB)
[2024-08-12 17:46:47] Fetching org.eclipse.jetty.ee8.security_12.0.9.jar from https://mirror.clarkson.edu/eclipse/releases/2024-06/202406121000/plugins/ (74.31kB)
[2024-08-12 17:46:47] Fetching org.eclipse.equinox.p2.ui.sdk_1.3.300.v20240207-1113.jar from https://mirror.clarkson.edu/eclipse/releases/2024-06/202406121000/plugins/ (80.71kB)
[2024-08-12 17:46:47] Fetching org.eclipse.equinox.p2.operations_2.7.400.v20240425-0751.jar from https://download.eclipse.org/releases/2024-06/202406121000/plugins/ (80.15kB)
[2024-08-12 17:46:47] Fetching org.eclipse.mylyn.wikitext.mediawiki_4.3.0.v20240602-0603.jar from https://download.eclipse.org/releases/2024-06/202406121000/plugins/ (80.31kB)
[2024-08-12 17:46:47] Fetching org.eclipse.mylyn.wikitext.markdown_4.3.0.v20240602-0603.jar from https://mirror.clarkson.edu/eclipse/releases/2024-06/202406121000/plugins/ (81.67kB)
[2024-08-12 17:46:47] Fetching org.eclipse.core.databinding.beans_1.10.300.v20240321-1245.jar from https://mirror.clarkson.edu/eclipse/releases/2024-06/202406121000/plugins/ (83.46kB)
[2024-08-12 17:46:47] Fetching org.eclipse.core.runtime_3.31.100.v20240524-2010.jar from https://download.eclipse.org/releases/2024-06/202406121000/plugins/ (81.11kB)
[2024-08-12 17:46:47] Fetching org.eclipse.core.databinding.beans_1.10.300.v20240321-1245.jar from https://mirror.clarkson.edu/eclipse/releases/2024-06/202406121000/plugins/ (83.46kB)
[2024-08-12 17:46:47] Fetching org.osgi.util.promise_1.3.0.202212101352.jar from https://mirror.clarkson.edu/eclipse/releases/2024-06/202406121000/plugins/ (83.65kB)
[2024-08-12 17:46:48] Fetching com.ibm.icu_75.1.0.jar from https://mirrors.jevincanders.net/eclipse/releases/2024-06/202406121000/plugins/ (13.65MB)
[2024-08-12 17:46:48] Fetching org.eclipse.equinox.p2.core_2.12.0.v20240515-1919.jar from https://download.eclipse.org/releases/2024-06/202406121000/plugins/ (81.24kB)
[2024-08-12 17:46:48] Fetching org.eclipse.m2e.maven.runtime_3.9.700.20240602-2313.jar from https://download.eclipse.org/releases/2024-06/202406121000/plugins/ (5.49MB)
[2024-08-12 17:46:48] Fetching org.eclipse.jdt.ui_3.32.100.v20240524-2038.jar from https://mirror.clarkson.edu/eclipse/releases/2024-06/202406121000/plugins/ (9.75MB)
[2024-08-12 17:46:48] Fetching org.eclipse.wildwebdeveloper.xml_1.3.4.202405270639.jar from https://mirror.clarkson.edu/eclipse/releases/2024-06/202406121000/plugins/ (8.79MB)
[2024-08-12 17:46:48] Fetching org.eclipse.jdt.doc.user_3.15.2200.v20240529-0958.jar from https://mirror.clarkson.edu/eclipse/releases/2024-06/202406121000/plugins/ (7.89MB)
[2024-08-12 17:46:48] Fetching org.eclipse.egit.doc_6.10.0.202406032230-r.jar from https://mirror.clarkson.edu/eclipse/releases/2024-06/202406121000/plugins/ (5.1MB)
[2024-08-12 17:46:49] Fetching org.eclipse.jdt.core.manipulation_1.21.100.v20240524-2038.jar from https://download.eclipse.org/releases/2024-06/202406121000/plugins/ (4.14MB)
[2024-08-12 17:46:49] Fetching org.apache.lucene.core_9.10.0.v20240221-0830.jar from https://download.eclipse.org/releases/2024-06/202406121000/plugins/ (4.07MB)
[2024-08-12 17:46:49] Fetching org.eclipse.jdt.core_3.38.0.v20240528-0618.jar from https://download.eclipse.org/releases/2024-06/202406121000/plugins/ (4.11MB)
[2024-08-12 17:46:49] Fetching com.ibm.icu_75.1.0.jar from https://mirrors.jevincanders.net/eclipse/releases/2024-06/202406121000/plugins/
[2024-08-12 17:46:49] Fetching org.eclipse.m2e.maven.runtime_3.9.700.20240602-2313.jar from https://download.eclipse.org/releases/2024-06/202406121000/plugins/
[2024-08-12 17:46:49] Fetching org.eclipse.jdt.ui_3.32.100.v20240524-2038.jar from https://mirror.clarkson.edu/eclipse/releases/2024-06/202406121000/plugins/
[2024-08-12 17:46:49] Fetching org.eclipse.wildwebdeveloper.xml_1.3.4.202405270639.jar from https://mirror.clarkson.edu/eclipse/releases/2024-06/202406121000/plugins/
[2024-08-12 17:46:49] Fetching org.eclipse.jdt.doc.user_3.15.2200.v20240529-0958.jar from https://mirror.clarkson.edu/eclipse/releases/2024-06/202406121000/plugins/
[2024-08-12 17:46:49] Fetching org.eclipse.egit.ui_6.10.0.202406032230-r.jar from https://mirrors.jevincanders.net/eclipse/releases/2024-06/202406121000/plugins/ (3.91MB)
[2024-08-12 17:46:49] Fetching org.eclipse.egit.doc_6.10.0.202406032230-r.jar from https://mirror.clarkson.edu/eclipse/releases/2024-06/202406121000/plugins/
[2024-08-12 17:46:50] Fetching org.eclipse.jdt.core.manipulation_1.21.100.v20240524-2038.jar from https://download.eclipse.org/releases/2024-06/202406121000/plugins/
[2024-08-12 17:46:50] Fetching org.eclipse.jdt.core_3.38.0.v20240528-0618.jar from https://download.eclipse.org/releases/2024-06/202406121000/plugins/
[2024-08-12 17:46:50] Fetching org.apache.lucene.core_9.10.0.v20240221-0830.jar from https://download.eclipse.org/releases/2024-06/202406121000/plugins/
[2024-08-12 17:46:51] Fetching org.eclipse.egit.ui_6.10.0.202406032230-r.jar from https://mirrors.jevincanders.net/eclipse/releases/2024-06/202406121000/plugins/
[2024-08-12 17:47:01] Fetching org.eclipse.platform.doc.user_4.32.0.v20240529-0958.jar from https://download.eclipse.org/releases/2024-06/202406121000/plugins/ (3.55MB)
[2024-08-12 17:47:01] Fetching org.eclipse.ui.workbench_3.132.0.v20240524-2010.jar from https://mirrors.jevincanders.net/eclipse/releases/2024-06/202406121000/plugins/ (3.52MB)
[2024-08-12 17:47:02] Fetching org.eclipse.platform.doc.user_4.32.0.v20240529-0958.jar from https://download.eclipse.org/releases/2024-06/202406121000/plugins/
[2024-08-12 17:47:02] Fetching org.eclipse.ui.workbench_3.132.0.v20240524-2010.jar from https://mirrors.jevincanders.net/eclipse/releases/2024-06/202406121000/plugins/
[2024-08-12 17:47:03] Fetching org.apache.lucene.analysis-smartcn_9.10.0.v20240221-0830.jar from https://download.eclipse.org/releases/2024-06/202406121000/plugins/ (3.44MB)
[2024-08-12 17:47:04] Fetching org.apache.lucene.analysis-smartcn_9.10.0.v20240221-0830.jar from https://download.eclipse.org/releases/2024-06/202406121000/plugins/
[2024-08-12 17:47:04] Fetching org.eclipse.jdt.core.compiler.batch_3.38.0.v20240524-2033.jar from https://mirror.clarkson.edu/eclipse/releases/2024-06/202406121000/plugins/ (3.13MB)
[2024-08-12 17:47:04] Fetching org.apache.ant_1.10.14.v20230922-1200.jar from https://download.eclipse.org/releases/2024-06/202406121000/plugins/ (3.26MB)
[2024-08-12 17:47:05] Fetching org.eclipse.jdt.core.compiler.batch_3.38.0.v20240524-2033.jar from https://mirror.clarkson.edu/eclipse/releases/2024-06/202406121000/plugins/
[2024-08-12 17:47:05] Fetching org.eclipse.debug.ui_3.18.400.v20240516-0857.jar from https://download.eclipse.org/releases/2024-06/202406121000/plugins/ (3.06MB)
[2024-08-12 17:47:06] Fetching org.apache.ant_1.10.14.v20230922-1200.jar from https://download.eclipse.org/releases/2024-06/202406121000/plugins/
[2024-08-12 17:47:06] Fetching org.eclipse.debug.ui_3.18.400.v20240516-0857.jar from https://download.eclipse.org/releases/2024-06/202406121000/plugins/
[2024-08-12 17:47:11] Fetching org.eclipse.jgit_6.10.0.202406032230-r.jar from https://mirror.clarkson.edu/eclipse/releases/2024-06/202406121000/plugins/ (3.05MB)
[2024-08-12 17:47:11] Fetching com.google.guava_33.2.0.jre.jar from https://mirrors.jevincanders.net/eclipse/releases/2024-06/202406121000/plugins/ (2.91MB)
[2024-08-12 17:47:12] Fetching org.eclipse.jgit_6.10.0.202406032230-r.jar from https://mirror.clarkson.edu/eclipse/releases/2024-06/202406121000/plugins/
[2024-08-12 17:47:12] Fetching com.google.guava_33.2.0.jre.jar from https://mirrors.jevincanders.net/eclipse/releases/2024-06/202406121000/plugins/
[2024-08-12 17:47:12] Fetching org.eclipse.swt.win32.win32.x86_64_3.126.0.v20240528-0813.jar from https://download.eclipse.org/releases/2024-06/202406121000/plugins/ (2.59MB)
[2024-08-12 17:47:13] Fetching org.gradle.toolingapi_8.1.1.v20240115-1636.jar from https://mirror.clarkson.edu/eclipse/releases/2024-06/202406121000/plugins/ (2.7MB)
[2024-08-12 17:47:13] Fetching org.eclipse.ui.ide_3.22.200.v20240524-2010.jar from https://download.eclipse.org/releases/2024-06/202406121000/plugins/ (2.32MB)
[2024-08-12 17:47:13] Fetching org.eclipse.swt.win32.win32.x86_64_3.126.0.v20240528-0813.jar from https://download.eclipse.org/releases/2024-06/202406121000/plugins/
[2024-08-12 17:47:14] Fetching org.gradle.toolingapi_8.1.1.v20240115-1636.jar from https://mirror.clarkson.edu/eclipse/releases/2024-06/202406121000/plugins/
[2024-08-12 17:47:14] Fetching org.eclipse.ui.ide_3.22.200.v20240524-2010.jar from https://download.eclipse.org/releases/2024-06/202406121000/plugins/
[2024-08-12 17:47:15] Fetching com.sun.jna_5.14.0.v20231211-1200.jar from https://download.eclipse.org/releases/2024-06/202406121000/plugins/ (1.81MB)
[2024-08-12 17:47:15] Fetching org.eclipse.mylyn.tasks.ui_4.3.0.v20240602-0603.jar from https://download.eclipse.org/releases/2024-06/202406121000/plugins/ (1.83MB)
[2024-08-12 17:47:16] Fetching org.eclipse.ui.intro.universal_3.5.400.v20240414-1916.jar from https://mirror.clarkson.edu/eclipse/releases/2024-06/202406121000/plugins/ (2.1MB)
[2024-08-12 17:47:16] Mirrored 65 artifacts from https://download.eclipse.org/releases/2024-06/202406121000/ at 237kb/s with 4 failures
[2024-08-12 17:47:16] Mirrored 104 artifacts from https://mirror.clarkson.edu/eclipse/releases/2024-06/202406121000/ at 179kb/s with 4 failures
[2024-08-12 17:47:16] Mirrored 118 artifacts from https://mirrors.jevincanders.net/eclipse/releases/2024-06/202406121000/ at 93kb/s with 2 failures
[2024-08-12 17:47:16] Mirrored 1 artifacts from https://ca.mirrors.cicku.me/eclipse//releases/2024-06/202406121000/ at 11kb/s
[2024-08-12 17:47:16] Mirrored 1 artifacts from https://mirror.umd.edu/eclipse/releases/2024-06/202406121000/ at 10kb/s
[2024-08-12 17:47:16] Mirrored 1 artifacts from https://ftp2.osuosl.org/pub/eclipse/releases/2024-06/202406121000/ at 10kb/s
[2024-08-12 17:47:16] Mirrored 1 artifacts from https://ftp.halifax.rwth-aachen.de/eclipse/releases/2024-06/202406121000/ at 9kb/s
[2024-08-12 17:47:16] Mirrored 1 artifacts from https://mirrors.xmission.com/eclipse/releases/2024-06/202406121000/ at 9kb/s
[2024-08-12 17:47:16] Mirrored 1 artifacts from https://eclipse.mirror.rafal.ca/releases/2024-06/202406121000/ at 7kb/s
[2024-08-12 17:47:16] Mirrored 1 artifacts from https://mirror.csclub.uwaterloo.ca/eclipse/releases/2024-06/202406121000/ at 6kb/s
[2024-08-12 17:47:16] Mirrored 1 artifacts from https://eclipse.c3sl.ufpr.br/releases/2024-06/202406121000/ at 0kb/s
[2024-08-12 17:47:16] Collected 542 artifacts for https://download.eclipse.org/releases/2024-06/202406121000 in 61.748s
[2024-08-12 17:47:16] The engine operation was cancelled and the changes are being rolled back.
[2024-08-12 17:47:16] 
[2024-08-12 17:48:41] Executing bootstrap tasks
[2024-08-12 17:48:41] OpenJDK Runtime Environment 17.0.11+9
[2024-08-12 17:48:41] Product org.eclipse.products.epp.package.java.2024-06
[2024-08-12 17:48:41] Bundle org.eclipse.oomph.setup 1.29.0.v20240520-1504, build=606, branch=a943bade61cc9f456138d4af7f05fa7fde42835b
[2024-08-12 17:48:41] Bundle org.eclipse.oomph.setup.core 1.31.0.v20240420-0837, build=606, branch=a943bade61cc9f456138d4af7f05fa7fde42835b
[2024-08-12 17:48:41] Bundle org.eclipse.oomph.setup.p2 1.21.0.v20240420-0837, build=606, branch=a943bade61cc9f456138d4af7f05fa7fde42835b
[2024-08-12 17:48:41] Performing P2 Director (Eclipse IDE for Java Developers (2024-06) + JRE 21.0.4)
[2024-08-12 17:48:41] Offline = false
[2024-08-12 17:48:41] Mirrors = true
[2024-08-12 17:48:41] Resolving 27 requirements from 4 repositories to C:\Users\Pedro Henrique\eclipse\java-2024-06\eclipse
[2024-08-12 17:48:41] Requirement org.eclipse.equinox.p2.iu:org.eclipse.justj.openjdk.hotspot.jre.full.feature.group (filter=(|(&(osgi.arch=aarch64)(osgi.os=linux))(&(osgi.arch=aarch64)(osgi.os=macosx))(&(osgi.arch=ppc64le)(osgi.os=linux))(&(osgi.arch=x86_64)(osgi.os=linux))(&(osgi.arch=x86_64)(osgi.os=macosx))(&(osgi.arch=x86_64)(osgi.os=win32))))
[2024-08-12 17:48:41] Requirement org.eclipse.equinox.p2.iu:epp.package.java [4.32.0,5.0.0) (filter=(|(&(osgi.arch=aarch64)(osgi.os=linux)(osgi.ws=gtk))(&(osgi.arch=aarch64)(osgi.os=macosx)(osgi.ws=cocoa))(&(osgi.arch=x86_64)(osgi.os=linux)(osgi.ws=gtk))(&(osgi.arch=x86_64)(osgi.os=macosx)(osgi.ws=cocoa))(&(osgi.arch=x86_64)(osgi.os=win32)(osgi.ws=win32))))
[2024-08-12 17:48:41] Requirement org.eclipse.equinox.p2.iu:org.eclipse.platform.feature.group [4.32.0,5.0.0)
[2024-08-12 17:48:41] Requirement org.eclipse.equinox.p2.iu:org.eclipse.rcp.feature.group [4.32.0,5.0.0)
[2024-08-12 17:48:41] Requirement org.eclipse.equinox.p2.iu:org.eclipse.buildship.feature.group
[2024-08-12 17:48:41] Requirement org.eclipse.equinox.p2.iu:org.eclipse.eclemma.feature.feature.group
[2024-08-12 17:48:41] Requirement org.eclipse.equinox.p2.iu:org.eclipse.egit.feature.group
[2024-08-12 17:48:41] Requirement org.eclipse.equinox.p2.iu:org.eclipse.epp.mpc.feature.group
[2024-08-12 17:48:41] Requirement org.eclipse.equinox.p2.iu:org.eclipse.jdt.bcoview.feature.feature.group
[2024-08-12 17:48:41] Requirement org.eclipse.equinox.p2.iu:org.eclipse.jdt.feature.group
[2024-08-12 17:48:41] Requirement org.eclipse.equinox.p2.iu:org.eclipse.jgit.feature.group
[2024-08-12 17:48:41] Requirement org.eclipse.equinox.p2.iu:org.eclipse.m2e.feature.feature.group
[2024-08-12 17:48:41] Requirement org.eclipse.equinox.p2.iu:org.eclipse.m2e.lemminx.feature.feature.group
[2024-08-12 17:48:41] Requirement org.eclipse.equinox.p2.iu:org.eclipse.m2e.logback.feature.feature.group
[2024-08-12 17:48:41] Requirement org.eclipse.equinox.p2.iu:org.eclipse.mylyn.commons.activity.feature.feature.group
[2024-08-12 17:48:41] Requirement org.eclipse.equinox.p2.iu:org.eclipse.mylyn.egit.feature.feature.group
[2024-08-12 17:48:41] Requirement org.eclipse.equinox.p2.iu:org.eclipse.mylyn.git.feature.feature.group
[2024-08-12 17:48:41] Requirement org.eclipse.equinox.p2.iu:org.eclipse.mylyn.github.feature.feature.group
[2024-08-12 17:48:41] Requirement org.eclipse.equinox.p2.iu:org.eclipse.mylyn.ide.feature.feature.group
[2024-08-12 17:48:41] Requirement org.eclipse.equinox.p2.iu:org.eclipse.mylyn.jdt.feature.feature.group
[2024-08-12 17:48:41] Requirement org.eclipse.equinox.p2.iu:org.eclipse.mylyn.jenkins.feature.feature.group
[2024-08-12 17:48:41] Requirement org.eclipse.equinox.p2.iu:org.eclipse.mylyn.reviews.feature.feature.group
[2024-08-12 17:48:41] Requirement org.eclipse.equinox.p2.iu:org.eclipse.mylyn.wikitext.feature.feature.group
[2024-08-12 17:48:41] Requirement org.eclipse.equinox.p2.iu:org.eclipse.tips.feature.feature.group
[2024-08-12 17:48:41] Requirement org.eclipse.equinox.p2.iu:org.eclipse.tm.terminal.feature.feature.group
[2024-08-12 17:48:41] Requirement org.eclipse.equinox.p2.iu:org.eclipse.wildwebdeveloper.xml.feature.feature.group
[2024-08-12 17:48:41] Requirement org.eclipse.equinox.p2.iu:org.eclipse.oomph.setup.feature.group
[2024-08-12 17:48:41] Repository https://download.eclipse.org/justj/jres/21/updates/release/latest
[2024-08-12 17:48:41] Repository https://download.eclipse.org/technology/epp/packages/2024-06/202406061200
[2024-08-12 17:48:41] Repository https://download.eclipse.org/releases/2024-06/202406121000
[2024-08-12 17:48:41] Repository https://download.eclipse.org/oomph/updates/milestone/latest
[2024-08-12 17:48:44] Calculating requirements and dependencies.
[2024-08-12 17:48:47] Computing prerequisite plan
[2024-08-12 17:48:50] Collecting 259 artifacts from https://download.eclipse.org/releases/2024-06/202406121000
[2024-08-12 17:48:51] Fetching org.eclipse.emf.ecore.change_2.16.0.v20231208-1346.jar from https://eclipse.c3sl.ufpr.br/releases/2024-06/202406121000/plugins/ (91.5kB)
[2024-08-12 17:48:51] Fetching org.eclipse.equinox.p2.touchpoint.natives_1.5.300.v20240423-0755.jar from https://mirrors.jevincanders.net/eclipse/releases/2024-06/202406121000/plugins/ (90.01kB)
[2024-08-12 17:48:51] Fetching javax.activation_1.2.2.v20221203-1659.jar from https://eclipse.mirror.rafal.ca/releases/2024-06/202406121000/plugins/ (85.08kB)
[2024-08-12 17:48:51] Fetching org.eclipse.mylyn.wikitext.confluence_4.3.0.v20240602-0603.jar from https://mirror.umd.edu/eclipse/releases/2024-06/202406121000/plugins/ (91.61kB)
[2024-08-12 17:48:51] Fetching org.eclipse.mylyn.commons.net_4.3.0.v20240509-0539.jar from https://mirror.clarkson.edu/eclipse/releases/2024-06/202406121000/plugins/ (85.92kB)
[2024-08-12 17:48:51] Fetching org.eclipse.ecf.provider.filetransfer.httpclient5_1.1.0.v20230423-0417.jar from https://ca.mirrors.cicku.me/eclipse//releases/2024-06/202406121000/plugins/ (84.98kB)
[2024-08-12 17:48:51] Fetching org.eclipse.debug.ui.launchview_1.1.500.v20240415-0528.jar from https://ftp2.osuosl.org/pub/eclipse/releases/2024-06/202406121000/plugins/ (89kB)
[2024-08-12 17:48:52] Fetching org.eclipse.mylyn.wikitext.textile_4.3.0.v20240602-0603.jar from https://mirror.csclub.uwaterloo.ca/eclipse/releases/2024-06/202406121000/plugins/ (89.13kB)
[2024-08-12 17:48:52] Fetching org.eclipse.ecf.provider.filetransfer.httpclientjava_2.0.200.v20231114-1017.jar from https://mirrors.xmission.com/eclipse/releases/2024-06/202406121000/plugins/ (91.29kB)
[2024-08-12 17:48:52] Fetching org.objectweb.asm.util_9.7.0.jar from https://ftp.halifax.rwth-aachen.de/eclipse/releases/2024-06/202406121000/plugins/ (91.59kB)
[2024-08-12 17:48:52] Fetching org.apache.xml.resolver_1.2.0.v20230928-1222.jar from https://eclipse.c3sl.ufpr.br/releases/2024-06/202406121000/plugins/ (93.76kB)
[2024-08-12 17:48:52] Fetching org.eclipse.mylyn.commons.repositories.ui_4.3.0.v20240602-0603.jar from https://eclipse.c3sl.ufpr.br/releases/2024-06/202406121000/plugins/ (94.67kB)
[2024-08-12 17:48:52] Fetching org.apache.xml.resolver_1.2.0.v20230928-1222.jar from https://eclipse.c3sl.ufpr.br/releases/2024-06/202406121000/plugins/ (93.76kB)
[2024-08-12 17:48:52] Fetching org.eclipse.mylyn.commons.repositories.ui_4.3.0.v20240602-0603.jar from https://eclipse.c3sl.ufpr.br/releases/2024-06/202406121000/plugins/ (94.67kB)
[2024-08-12 17:48:52] Fetching org.eclipse.emf.databinding_1.8.0.v20231208-1346.jar from https://eclipse.c3sl.ufpr.br/releases/2024-06/202406121000/plugins/ (93.38kB)
[2024-08-12 17:48:52] Fetching org.eclipse.mylyn.commons.screenshots_4.3.0.v20240509-0539.jar from https://eclipse.c3sl.ufpr.br/releases/2024-06/202406121000/plugins/ (95.31kB)
[2024-08-12 17:48:52] Fetching org.eclipse.equinox.app_1.7.100.v20240321-1445.jar from https://download.eclipse.org/releases/2024-06/202406121000/plugins/ (92.03kB)
[2024-08-12 17:48:52] Fetching org.eclipse.jsch.ui_1.5.400.v20240413-1529.jar from https://eclipse.c3sl.ufpr.br/releases/2024-06/202406121000/plugins/ (96.23kB)
[2024-08-12 17:48:52] Fetching org.osgi.service.http.whiteboard_1.1.1.202109301733.jar from https://eclipse.c3sl.ufpr.br/releases/2024-06/202406121000/plugins/ (97.27kB)
[2024-08-12 17:48:52] Fetching org.eclipse.mylyn.tasks.bugs_4.3.0.v20240509-0539.jar from https://mirrors.jevincanders.net/eclipse/releases/2024-06/202406121000/plugins/ (95.36kB)
[2024-08-12 17:48:52] Fetching org.eclipse.mylyn.reviews.edit_4.3.0.v20240509-0539.jar from https://eclipse.c3sl.ufpr.br/releases/2024-06/202406121000/plugins/ (97.54kB)
[2024-08-12 17:48:52] Fetching org.eclipse.text.quicksearch_1.2.400.v20240321-1245.jar from https://eclipse.c3sl.ufpr.br/releases/2024-06/202406121000/plugins/ (98.32kB)
[2024-08-12 17:48:53] Fetching org.eclipse.core.expressions_3.9.400.v20240413-1529.jar from https://mirrors.jevincanders.net/eclipse/releases/2024-06/202406121000/plugins/ (95.4kB)
[2024-08-12 17:48:53] Fetching org.eclipse.eclemma.core_3.1.9.202405260028.jar from https://eclipse.c3sl.ufpr.br/releases/2024-06/202406121000/plugins/ (103.4kB)
[2024-08-12 17:48:53] Fetching org.eclipse.update.configurator_3.5.400.v20240416-0654.jar from https://mirrors.jevincanders.net/eclipse/releases/2024-06/202406121000/plugins/ (99.81kB)
[2024-08-12 17:48:53] Fetching junit-platform-commons_1.10.2.jar from https://eclipse.c3sl.ufpr.br/releases/2024-06/202406121000/plugins/ (103.74kB)
[2024-08-12 17:48:53] Fetching org.eclipse.equinox.p2.updatesite_1.3.400.v20240321-1450.jar from https://eclipse.c3sl.ufpr.br/releases/2024-06/202406121000/plugins/ (104.22kB)
[2024-08-12 17:48:53] Fetching org.eclipse.core.contenttype_3.9.400.v20240507-1301.jar from https://mirrors.jevincanders.net/eclipse/releases/2024-06/202406121000/plugins/ (103.28kB)
[2024-08-12 17:48:53] Fetching org.eclipse.equinox.p2.publisher_1.9.200.v20240429-0755.jar from https://eclipse.c3sl.ufpr.br/releases/2024-06/202406121000/plugins/ (105.63kB)
[2024-08-12 17:48:53] Fetching org.eclipse.mylyn.context.tasks.ui_4.3.0.v20240602-0603.jar from https://mirrors.jevincanders.net/eclipse/releases/2024-06/202406121000/plugins/ (106.52kB)
[2024-08-12 17:48:53] Fetching org.eclipse.mylyn.wikitext.asciidoc_4.3.0.v20240602-0603.jar from https://eclipse.c3sl.ufpr.br/releases/2024-06/202406121000/plugins/ (108.48kB)
[2024-08-12 17:48:53] Fetching org.eclipse.ui.views_3.12.300.v20240524-2010.jar from https://eclipse.c3sl.ufpr.br/releases/2024-06/202406121000/plugins/ (109.17kB)
[2024-08-12 17:48:53] Fetching org.eclipse.equinox.p2.ui.sdk.scheduler_1.6.300.v20240515-1919.jar from https://eclipse.c3sl.ufpr.br/releases/2024-06/202406121000/plugins/ (110.09kB)
[2024-08-12 17:48:53] Fetching org.eclipse.ant.core_3.7.400.v20240413-1529.jar from https://eclipse.c3sl.ufpr.br/releases/2024-06/202406121000/plugins/ (109.58kB)
[2024-08-12 17:48:54] Fetching org.tukaani.xz_1.9.0.jar from https://mirrors.jevincanders.net/eclipse/releases/2024-06/202406121000/plugins/ (113.29kB)
[2024-08-12 17:48:54] Fetching org.eclipse.nebula.widgets.cdatetime_1.5.0.202312260654.jar from https://eclipse.c3sl.ufpr.br/releases/2024-06/202406121000/plugins/ (111.9kB)
[2024-08-12 17:48:54] Fetching org.eclipse.ui.views.properties.tabbed_3.10.300.v20240424-0956.jar from https://mirrors.jevincanders.net/eclipse/releases/2024-06/202406121000/plugins/ (110.81kB)
[2024-08-12 17:48:54] Fetching org.eclipse.jetty.session_12.0.9.jar from https://eclipse.c3sl.ufpr.br/releases/2024-06/202406121000/plugins/ (114.34kB)
[2024-08-12 17:48:54] Fetching org.eclipse.core.jobs_3.15.300.v20240418-0734.jar from https://eclipse.c3sl.ufpr.br/releases/2024-06/202406121000/plugins/ (115.89kB)
[2024-08-12 17:48:54] Fetching org.eclipse.userstorage_1.2.0.v20210517-0327.jar from https://eclipse.c3sl.ufpr.br/releases/2024-06/202406121000/plugins/ (116.18kB)
[2024-08-12 17:48:54] Fetching org.eclipse.equinox.security_1.4.300.v20240419-2334.jar from https://eclipse.c3sl.ufpr.br/releases/2024-06/202406121000/plugins/ (116.3kB)
[2024-08-12 17:48:54] Fetching org.eclipse.equinox.p2.director_2.6.400.v20240321-1450.jar from https://mirrors.jevincanders.net/eclipse/releases/2024-06/202406121000/plugins/ (113.37kB)
[2024-08-12 17:48:54] Fetching org.eclipse.ecf.provider.jmdns_4.4.0.v20231021-2050.jar from https://eclipse.c3sl.ufpr.br/releases/2024-06/202406121000/plugins/ (118.96kB)
[2024-08-12 17:48:54] Fetching org.eclipse.core.commands_3.12.100.v20240424-0956.jar from https://mirrors.jevincanders.net/eclipse/releases/2024-06/202406121000/plugins/ (117.84kB)
[2024-08-12 17:48:54] Fetching org.eclipse.core.filebuffers_3.8.300.v20240207-1054.jar from https://mirrors.jevincanders.net/eclipse/releases/2024-06/202406121000/plugins/ (116.92kB)
[2024-08-12 17:48:54] Fetching org.hamcrest_2.2.0.jar from https://eclipse.c3sl.ufpr.br/releases/2024-06/202406121000/plugins/ (120.47kB)
[2024-08-12 17:48:54] Fetching org.eclipse.core.filebuffers_3.8.300.v20240207-1054.jar from https://mirrors.jevincanders.net/eclipse/releases/2024-06/202406121000/plugins/ (116.92kB)
[2024-08-12 17:48:54] Fetching org.eclipse.e4.ui.workbench.addons.swt_1.5.400.v20240416-0658.jar from https://eclipse.c3sl.ufpr.br/releases/2024-06/202406121000/plugins/ (121.06kB)
[2024-08-12 17:48:54] Fetching org.objectweb.asm_9.7.0.jar from https://eclipse.c3sl.ufpr.br/releases/2024-06/202406121000/plugins/ (122.49kB)
[2024-08-12 17:48:55] Fetching org.eclipse.equinox.preferences_3.11.100.v20240327-0645.jar from https://eclipse.c3sl.ufpr.br/releases/2024-06/202406121000/plugins/ (125.24kB)
[2024-08-12 17:48:55] Fetching org.eclipse.wst.common.frameworks_1.3.0.v202308161955.jar from https://eclipse.c3sl.ufpr.br/releases/2024-06/202406121000/plugins/ (127.49kB)
[2024-08-12 17:48:55] Fetching org.eclipse.m2e.launching_2.0.602.20240411-1122.jar from https://mirrors.jevincanders.net/eclipse/releases/2024-06/202406121000/plugins/ (124.26kB)
[2024-08-12 17:48:55] Fetching org.eclipse.mylyn.commons.core_4.3.0.v20240602-0603.jar from https://eclipse.c3sl.ufpr.br/releases/2024-06/202406121000/plugins/ (127.69kB)
[2024-08-12 17:48:55] Fetching org.jacoco.report_0.8.12.202403310830.jar from https://eclipse.c3sl.ufpr.br/releases/2024-06/202406121000/plugins/ (128.03kB)
[2024-08-12 17:48:55] Fetching org.apache.xmlrpc.common_3.1.3.v20181004-1955.jar from https://eclipse.c3sl.ufpr.br/releases/2024-06/202406121000/plugins/ (129.32kB)
[2024-08-12 17:48:55] Fetching org.eclipse.mylyn.jenkins.core_4.3.0.v20240509-0539.jar from https://eclipse.c3sl.ufpr.br/releases/2024-06/202406121000/plugins/ (129.32kB)
[2024-08-12 17:48:55] Fetching org.eclipse.ui.ide.application_1.5.400.v20240416-0658.jar from https://eclipse.c3sl.ufpr.br/releases/2024-06/202406121000/plugins/ (130.42kB)
[2024-08-12 17:48:55] Fetching org.eclipse.mylyn.context.core_4.3.0.v20240509-0539.jar from https://eclipse.c3sl.ufpr.br/releases/2024-06/202406121000/plugins/ (132.98kB)
[2024-08-12 17:48:56] Fetching org.eclipse.mylyn.team.ui_4.3.0.v20240602-0603.jar from https://eclipse.c3sl.ufpr.br/releases/2024-06/202406121000/plugins/ (134.4kB)
[2024-08-12 17:48:56] Fetching org.eclipse.ecf_3.11.0.v20230507-1923.jar from https://eclipse.c3sl.ufpr.br/releases/2024-06/202406121000/plugins/ (133.18kB)
[2024-08-12 17:48:56] Fetching org.eclipse.equinox.p2.ui.importexport_1.4.400.v20240321-1450.jar from https://mirrors.jevincanders.net/eclipse/releases/2024-06/202406121000/plugins/ (131.62kB)
[2024-08-12 17:48:56] Fetching org.eclipse.equinox.console_1.4.800.v20240513-1104.jar from https://eclipse.c3sl.ufpr.br/releases/2024-06/202406121000/plugins/ (137.11kB)
[2024-08-12 17:48:56] Fetching org.eclipse.equinox.p2.touchpoint.eclipse_2.4.300.v20240511-1722.jar from https://mirrors.jevincanders.net/eclipse/releases/2024-06/202406121000/plugins/ (136.72kB)
[2024-08-12 17:48:56] Fetching org.eclipse.ecf.provider.filetransfer_3.3.0.v20230422-0242.jar from https://mirrors.jevincanders.net/eclipse/releases/2024-06/202406121000/plugins/ (134.87kB)
[2024-08-12 17:48:56] Fetching org.eclipse.equinox.p2.touchpoint.eclipse_2.4.300.v20240511-1722.jar from https://mirrors.jevincanders.net/eclipse/releases/2024-06/202406121000/plugins/ (136.72kB)
[2024-08-12 17:48:56] Fetching org.apache.batik.util_1.17.0.v20231215-1130.jar from https://eclipse.c3sl.ufpr.br/releases/2024-06/202406121000/plugins/ (141kB)
[2024-08-12 17:48:56] Fetching jakarta.xml.bind_2.3.3.v20201118-1818.jar from https://mirrors.jevincanders.net/eclipse/releases/2024-06/202406121000/plugins/ (133.35kB)
[2024-08-12 17:48:56] Fetching org.eclipse.jetty.ee8.servlet_12.0.9.jar from https://eclipse.c3sl.ufpr.br/releases/2024-06/202406121000/plugins/ (141.38kB)
[2024-08-12 17:48:56] Fetching org.eclipse.jetty.security_12.0.9.jar from https://eclipse.c3sl.ufpr.br/releases/2024-06/202406121000/plugins/ (141.86kB)
[2024-08-12 17:48:56] Fetching org.eclipse.equinox.p2.metadata.repository_1.5.400.v20240515-1919.jar from https://mirror.clarkson.edu/eclipse/releases/2024-06/202406121000/plugins/ (139.07kB)
[2024-08-12 17:48:56] Fetching org.eclipse.orbit.xml-apis-ext_1.0.0.v20230923-0644.jar from https://mirror.clarkson.edu/eclipse/releases/2024-06/202406121000/plugins/ (140.72kB)
[2024-08-12 17:48:56] Fetching org.eclipse.ui.externaltools_3.6.400.v20240416-0654.jar from https://eclipse.c3sl.ufpr.br/releases/2024-06/202406121000/plugins/ (143.88kB)
[2024-08-12 17:48:56] Fetching org.eclipse.equinox.launcher.win32.win32.x86_64_1.2.1000.v20240507-1834.jar from https://eclipse.c3sl.ufpr.br/releases/2024-06/202406121000/plugins/ (146.27kB)
[2024-08-12 17:48:56] Fetching org.eclipse.lsp4j.jsonrpc_0.23.1.v20240521-1815.jar from https://eclipse.c3sl.ufpr.br/releases/2024-06/202406121000/plugins/ (148.42kB)
[2024-08-12 17:48:57] Fetching org.eclipse.tips.core_0.3.400.v20240413-1529.jar from https://eclipse.c3sl.ufpr.br/releases/2024-06/202406121000/plugins/ (149.59kB)
[2024-08-12 17:48:57] Fetching org.apache.aries.spifly.dynamic.bundle_1.3.7.jar from https://eclipse.c3sl.ufpr.br/releases/2024-06/202406121000/plugins/ (150.35kB)
[2024-08-12 17:48:57] Fetching org.eclipse.tm4e.languageconfiguration_0.12.0.202405210827.jar from https://eclipse.c3sl.ufpr.br/releases/2024-06/202406121000/plugins/ (154.54kB)
[2024-08-12 17:48:57] Fetching org.eclipse.e4.ui.workbench.swt_0.17.400.v20240425-0840.jar from https://eclipse.c3sl.ufpr.br/releases/2024-06/202406121000/plugins/ (151.01kB)
[2024-08-12 17:48:57] Fetching org.eclipse.m2e.archetype.maven-artifact-transfer_0.13.1.2.jar from https://eclipse.c3sl.ufpr.br/releases/2024-06/202406121000/plugins/ (156.31kB)
[2024-08-12 17:48:57] Fetching org.eclipse.nebula.cwt_1.0.0.201703081533.jar from https://eclipse.c3sl.ufpr.br/releases/2024-06/202406121000/plugins/ (157.36kB)
[2024-08-12 17:48:57] Fetching org.eclipse.mylyn.commons.workbench_4.3.0.v20240509-0539.jar from https://eclipse.c3sl.ufpr.br/releases/2024-06/202406121000/plugins/ (161.14kB)
[2024-08-12 17:48:57] Fetching org.eclipse.mylyn.java.ui_4.3.0.v20240514-0726.jar from https://eclipse.c3sl.ufpr.br/releases/2024-06/202406121000/plugins/ (162.76kB)
[2024-08-12 17:48:57] Fetching org.eclipse.jdt.bcoview_1.2.400.v20240322-0935.jar from https://eclipse.c3sl.ufpr.br/releases/2024-06/202406121000/plugins/ (163.02kB)
[2024-08-12 17:48:57] Fetching org.eclipse.ant.launching_1.4.400.v20240413-1649.jar from https://eclipse.c3sl.ufpr.br/releases/2024-06/202406121000/plugins/ (163.71kB)
[2024-08-12 17:48:58] Fetching org.eclipse.equinox.p2.ui.discovery_1.3.300.v20240321-1450.jar from https://mirror.clarkson.edu/eclipse/releases/2024-06/202406121000/plugins/ (158.79kB)
[2024-08-12 17:48:58] Fetching org.eclipse.equinox.common_3.19.100.v20240524-2011.jar from https://mirror.clarkson.edu/eclipse/releases/2024-06/202406121000/plugins/ (159.51kB)
[2024-08-12 17:48:58] Fetching org.eclipse.emf.common.ui_2.22.0.v20231002-1020.jar from https://eclipse.c3sl.ufpr.br/releases/2024-06/202406121000/plugins/ (166.89kB)
[2024-08-12 17:48:58] Fetching org.eclipse.m2e.jdt_2.3.500.20240602-2342.jar from https://eclipse.c3sl.ufpr.br/releases/2024-06/202406121000/plugins/ (167.04kB)
[2024-08-12 17:48:58] Fetching com.googlecode.javaewah.JavaEWAH_1.2.3.jar from https://mirrors.jevincanders.net/eclipse/releases/2024-06/202406121000/plugins/ (166.57kB)
[2024-08-12 17:48:58] Fetching org.eclipse.core.databinding.property_1.10.300.v20240424-0444.jar from https://mirror.clarkson.edu/eclipse/releases/2024-06/202406121000/plugins/ (166.07kB)
[2024-08-12 17:48:58] Fetching org.eclipse.mylyn.context.ui_4.3.0.v20240602-0603.jar from https://mirror.clarkson.edu/eclipse/releases/2024-06/202406121000/plugins/ (165.37kB)
[2024-08-12 17:48:58] Fetching org.eclipse.equinox.security.ui_1.4.300.v20240513-1104.jar from https://eclipse.c3sl.ufpr.br/releases/2024-06/202406121000/plugins/ (173.99kB)
[2024-08-12 17:48:58] Fetching org.eclipse.mylyn.reviews.core_4.3.0.v20240509-0539.jar from https://mirrors.jevincanders.net/eclipse/releases/2024-06/202406121000/plugins/ (169.83kB)
[2024-08-12 17:48:58] Fetching org.eclipse.equinox.p2.artifact.repository_1.5.400.v20240416-0654.jar from https://eclipse.c3sl.ufpr.br/releases/2024-06/202406121000/plugins/ (174.18kB)
[2024-08-12 17:48:58] Fetching org.eclipse.ui.views.log_1.4.400.v20240424-0956.jar from https://eclipse.c3sl.ufpr.br/releases/2024-06/202406121000/plugins/ (176.55kB)
[2024-08-12 17:48:59] Fetching junit-platform-launcher_1.10.2.jar from https://eclipse.c3sl.ufpr.br/releases/2024-06/202406121000/plugins/ (179.51kB)
[2024-08-12 17:48:59] Fetching org.eclipse.m2e.archetype.common_3.2.104.jar from https://eclipse.c3sl.ufpr.br/releases/2024-06/202406121000/plugins/ (179.57kB)
[2024-08-12 17:48:59] Fetching org.eclipse.ui.genericeditor_1.3.400.v20240511-1105.jar from https://eclipse.c3sl.ufpr.br/releases/2024-06/202406121000/plugins/ (181.36kB)
[2024-08-12 17:48:59] Fetching org.eclipse.ui.navigator.resources_3.9.300.v20240506-0929.jar from https://eclipse.c3sl.ufpr.br/releases/2024-06/202406121000/plugins/ (181.68kB)
[2024-08-12 17:48:59] Fetching org.eclipse.jdt.junit.core_3.13.200.v20240524-2038.jar from https://eclipse.c3sl.ufpr.br/releases/2024-06/202406121000/plugins/ (186.2kB)
[2024-08-12 17:48:59] Fetching org.apache.felix.gogo.runtime_1.1.6.jar from https://eclipse.c3sl.ufpr.br/releases/2024-06/202406121000/plugins/ (198.71kB)
[2024-08-12 17:48:59] Fetching junit-platform-engine_1.10.2.jar from https://eclipse.c3sl.ufpr.br/releases/2024-06/202406121000/plugins/ (200.02kB)
[2024-08-12 17:48:59] Fetching org.eclipse.equinox.registry_3.12.100.v20240524-2011.jar from https://eclipse.c3sl.ufpr.br/releases/2024-06/202406121000/plugins/ (201.2kB)
[2024-08-12 17:49:00] Fetching org.eclipse.mylyn.builds.core_4.3.0.v20240509-0539.jar from https://eclipse.c3sl.ufpr.br/releases/2024-06/202406121000/plugins/ (211.15kB)
[2024-08-12 17:49:00] Fetching org.eclipse.ui.browser_3.8.300.v20240524-2010.jar from https://eclipse.c3sl.ufpr.br/releases/2024-06/202406121000/plugins/ (212.18kB)
[2024-08-12 17:49:00] Fetching org.eclipse.mylyn.builds.core_4.3.0.v20240509-0539.jar from https://eclipse.c3sl.ufpr.br/releases/2024-06/202406121000/plugins/ (211.15kB)
[2024-08-12 17:49:00] Fetching org.eclipse.ui.browser_3.8.300.v20240524-2010.jar from https://eclipse.c3sl.ufpr.br/releases/2024-06/202406121000/plugins/ (212.18kB)
[2024-08-12 17:49:00] Fetching org.eclipse.equinox.p2.repository_2.9.100.v20240511-1722.jar from https://mirror.clarkson.edu/eclipse/releases/2024-06/202406121000/plugins/ (190.56kB)
[2024-08-12 17:49:00] Fetching org.eclipse.emf.ecore.edit_2.14.0.v20230211-1150.jar from https://mirror.clarkson.edu/eclipse/releases/2024-06/202406121000/plugins/ (188.09kB)
[2024-08-12 17:49:00] Fetching junit-jupiter-api_5.10.2.jar from https://mirror.clarkson.edu/eclipse/releases/2024-06/202406121000/plugins/ (206.01kB)
[2024-08-12 17:49:00] Fetching org.eclipse.e4.ui.css.swt_0.15.400.v20240321-1245.jar from https://mirror.clarkson.edu/eclipse/releases/2024-06/202406121000/plugins/ (204.32kB)
[2024-08-12 17:49:00] Fetching org.eclipse.e4.ui.progress_0.4.400.v20240424-0956.jar from https://mirrors.jevincanders.net/eclipse/releases/2024-06/202406121000/plugins/ (210.2kB)
[2024-08-12 17:49:00] Fetching org.jacoco.core_0.8.12.202403310830.jar from https://mirror.clarkson.edu/eclipse/releases/2024-06/202406121000/plugins/ (205.35kB)
[2024-08-12 17:49:00] Fetching org.eclipse.tm.terminal.control_5.5.300.202403071917.jar from https://eclipse.c3sl.ufpr.br/releases/2024-06/202406121000/plugins/ (218.07kB)
[2024-08-12 17:49:00] Fetching jaxen_2.0.0.jar from https://eclipse.c3sl.ufpr.br/releases/2024-06/202406121000/plugins/ (218.71kB)
[2024-08-12 17:49:00] Fetching org.eclipse.e4.ui.css.core_0.14.400.v20240427-1520.jar from https://eclipse.c3sl.ufpr.br/releases/2024-06/202406121000/plugins/ (219.51kB)
[2024-08-12 17:49:00] Fetching org.eclipse.eclemma.doc_3.1.9.202405260028.jar from https://eclipse.c3sl.ufpr.br/releases/2024-06/202406121000/plugins/ (227.19kB)
[2024-08-12 17:49:01] Fetching com.sun.el.javax.el_3.0.4.jar from https://eclipse.c3sl.ufpr.br/releases/2024-06/202406121000/plugins/ (232.26kB)
[2024-08-12 17:49:01] Fetching org.eclipse.mylyn.github.doc_6.5.0.v20240601-0538.jar from https://eclipse.c3sl.ufpr.br/releases/2024-06/202406121000/plugins/ (236.56kB)
[2024-08-12 17:49:01] Fetching org.eclipse.tm4e.ui_0.12.0.202405210827.jar from https://mirror.clarkson.edu/eclipse/releases/2024-06/202406121000/plugins/ (220.11kB)
[2024-08-12 17:49:01] Fetching org.eclipse.mylyn.github.ui_6.5.0.v20240512-0805.jar from https://mirror.clarkson.edu/eclipse/releases/2024-06/202406121000/plugins/ (229.4kB)
[2024-08-12 17:49:01] Fetching org.eclipse.emf.ecore.xmi_2.37.0.v20231208-1346.jar from https://eclipse.c3sl.ufpr.br/releases/2024-06/202406121000/plugins/ (238.56kB)
[2024-08-12 17:49:01] Fetching org.eclipse.wst.common.emf_1.2.700.v202007161535.jar from https://mirror.clarkson.edu/eclipse/releases/2024-06/202406121000/plugins/ (230.35kB)
[2024-08-12 17:49:01] Fetching junit-jupiter-engine_5.10.2.jar from https://eclipse.c3sl.ufpr.br/releases/2024-06/202406121000/plugins/ (238.96kB)
[2024-08-12 17:49:01] Fetching org.eclipse.equinox.p2.engine_2.10.200.v20240425-1316.jar from https://eclipse.c3sl.ufpr.br/releases/2024-06/202406121000/plugins/ (240.75kB)
[2024-08-12 17:49:01] Fetching org.eclipse.jgit.ssh.apache_6.10.0.202406032230-r.jar from https://mirror.clarkson.edu/eclipse/releases/2024-06/202406121000/plugins/ (232.26kB)
[2024-08-12 17:49:01] Fetching org.eclipse.equinox.http.servlet_1.8.200.v20240321-1445.jar from https://mirrors.jevincanders.net/eclipse/releases/2024-06/202406121000/plugins/ (232.49kB)
[2024-08-12 17:49:01] Fetching org.joni_2.2.1.v20230703-0749.jar from https://eclipse.c3sl.ufpr.br/releases/2024-06/202406121000/plugins/ (243.61kB)
[2024-08-12 17:49:02] Fetching org.eclipse.m2e.editor.lemminx_2.0.600.20240219-1707.jar from https://eclipse.c3sl.ufpr.br/releases/2024-06/202406121000/plugins/ (245.78kB)
[2024-08-12 17:49:02] Fetching org.eclipse.ui.console_3.14.100.v20240429-1358.jar from https://eclipse.c3sl.ufpr.br/releases/2024-06/202406121000/plugins/ (248.1kB)
[2024-08-12 17:49:02] Fetching org.apache.lucene.sandbox_9.10.0.v20240221-0830.jar from https://eclipse.c3sl.ufpr.br/releases/2024-06/202406121000/plugins/ (248.49kB)
[2024-08-12 17:49:02] Fetching org.eclipse.jdt.ui_3.32.100.v20240524-2038.jar from https://eclipse.c3sl.ufpr.br/releases/2024-06/202406121000/plugins/ (9.75MB)
[2024-08-12 17:49:02] Fetching org.eclipse.egit.github.core_6.1.0.202203080745-r.jar from https://mirror.clarkson.edu/eclipse/releases/2024-06/202406121000/plugins/ (248.87kB)
[2024-08-12 17:49:02] Fetching org.gradle.toolingapi_8.1.1.v20240115-1636.jar from https://eclipse.c3sl.ufpr.br/releases/2024-06/202406121000/plugins/ (2.7MB)
[2024-08-12 17:49:02] Fetching com.google.guava_33.2.0.jre.jar from https://eclipse.c3sl.ufpr.br/releases/2024-06/202406121000/plugins/ (2.91MB)
[2024-08-12 17:49:02] Fetching org.eclipse.swt.win32.win32.x86_64_3.126.0.v20240528-0813.jar from https://eclipse.c3sl.ufpr.br/releases/2024-06/202406121000/plugins/ (2.59MB)
[2024-08-12 17:49:02] Fetching javax.xml_1.3.4.v201005080400.jar from https://mirror.clarkson.edu/eclipse/releases/2024-06/202406121000/plugins/ (249kB)
[2024-08-12 17:49:02] Fetching com.ibm.icu_75.1.0.jar from https://mirror.clarkson.edu/eclipse/releases/2024-06/202406121000/plugins/ (13.65MB)
[2024-08-12 17:49:02] Fetching javax.xml_1.3.4.v201005080400.jar from https://mirror.clarkson.edu/eclipse/releases/2024-06/202406121000/plugins/ (249kB)
[2024-08-12 17:49:02] Fetching org.eclipse.jgit_6.10.0.202406032230-r.jar from https://mirror.clarkson.edu/eclipse/releases/2024-06/202406121000/plugins/ (3.05MB)
[2024-08-12 17:49:03] Fetching org.eclipse.jdt.ui_3.32.100.v20240524-2038.jar from https://eclipse.c3sl.ufpr.br/releases/2024-06/202406121000/plugins/
[2024-08-12 17:49:03] Fetching org.gradle.toolingapi_8.1.1.v20240115-1636.jar from https://eclipse.c3sl.ufpr.br/releases/2024-06/202406121000/plugins/
[2024-08-12 17:49:03] Fetching com.google.guava_33.2.0.jre.jar from https://eclipse.c3sl.ufpr.br/releases/2024-06/202406121000/plugins/
[2024-08-12 17:49:03] Fetching org.eclipse.swt.win32.win32.x86_64_3.126.0.v20240528-0813.jar from https://eclipse.c3sl.ufpr.br/releases/2024-06/202406121000/plugins/
[2024-08-12 17:49:03] Fetching com.ibm.icu_75.1.0.jar from https://mirror.clarkson.edu/eclipse/releases/2024-06/202406121000/plugins/
[2024-08-12 17:49:03] Fetching org.eclipse.ui.ide_3.22.200.v20240524-2010.jar from https://mirrors.jevincanders.net/eclipse/releases/2024-06/202406121000/plugins/ (2.32MB)
[2024-08-12 17:49:03] Fetching org.eclipse.ui.intro.universal_3.5.400.v20240414-1916.jar from https://mirrors.jevincanders.net/eclipse/releases/2024-06/202406121000/plugins/ (2.1MB)
[2024-08-12 17:49:03] Fetching org.eclipse.jgit_6.10.0.202406032230-r.jar from https://mirror.clarkson.edu/eclipse/releases/2024-06/202406121000/plugins/
[2024-08-12 17:49:04] Fetching org.eclipse.mylyn.tasks.ui_4.3.0.v20240602-0603.jar from https://mirror.clarkson.edu/eclipse/releases/2024-06/202406121000/plugins/ (1.83MB)
[2024-08-12 17:49:04] Fetching com.sun.jna_5.14.0.v20231211-1200.jar from https://mirror.clarkson.edu/eclipse/releases/2024-06/202406121000/plugins/ (1.81MB)
[2024-08-12 17:49:04] Fetching org.eclipse.ui.ide_3.22.200.v20240524-2010.jar from https://mirrors.jevincanders.net/eclipse/releases/2024-06/202406121000/plugins/
[2024-08-12 17:49:04] Fetching org.eclipse.ui.intro.universal_3.5.400.v20240414-1916.jar from https://mirrors.jevincanders.net/eclipse/releases/2024-06/202406121000/plugins/
[2024-08-12 17:49:05] Fetching org.eclipse.mylyn.tasks.ui_4.3.0.v20240602-0603.jar from https://mirror.clarkson.edu/eclipse/releases/2024-06/202406121000/plugins/
[2024-08-12 17:49:05] Fetching com.sun.jna_5.14.0.v20231211-1200.jar from https://mirror.clarkson.edu/eclipse/releases/2024-06/202406121000/plugins/
[2024-08-12 17:49:05] Fetching org.apache.sshd.osgi_2.12.1.jar from https://eclipse.c3sl.ufpr.br/releases/2024-06/202406121000/plugins/ (1.75MB)
[2024-08-12 17:49:06] Fetching org.jcodings_1.0.58.v20230703-0749.jar from https://eclipse.c3sl.ufpr.br/releases/2024-06/202406121000/plugins/ (1.73MB)
[2024-08-12 17:49:06] Fetching org.apache.lucene.analysis-common_9.10.0.v20240221-0830.jar from https://eclipse.c3sl.ufpr.br/releases/2024-06/202406121000/plugins/ (1.73MB)
[2024-08-12 17:49:06] Fetching org.apache.sshd.osgi_2.12.1.jar from https://eclipse.c3sl.ufpr.br/releases/2024-06/202406121000/plugins/
[2024-08-12 17:49:07] Fetching org.jcodings_1.0.58.v20230703-0749.jar from https://eclipse.c3sl.ufpr.br/releases/2024-06/202406121000/plugins/
[2024-08-12 17:49:07] Fetching org.apache.lucene.analysis-common_9.10.0.v20240221-0830.jar from https://eclipse.c3sl.ufpr.br/releases/2024-06/202406121000/plugins/
[2024-08-12 17:49:07] Fetching org.eclipse.jdt.debug.ui_3.13.400.v20240516-0950.jar from https://eclipse.c3sl.ufpr.br/releases/2024-06/202406121000/plugins/ (1.67MB)
[2024-08-12 17:49:07] Fetching org.apache.xerces_2.12.2.v20230928-1306.jar from https://eclipse.c3sl.ufpr.br/releases/2024-06/202406121000/plugins/ (1.49MB)
[2024-08-12 17:49:08] Fetching org.eclipse.osgi_3.20.0.v20240509-1421.jar from https://eclipse.c3sl.ufpr.br/releases/2024-06/202406121000/plugins/ (1.48MB)
[2024-08-12 17:49:08] Fetching org.eclipse.jdt.debug.ui_3.13.400.v20240516-0950.jar from https://eclipse.c3sl.ufpr.br/releases/2024-06/202406121000/plugins/
[2024-08-12 17:49:08] Fetching org.apache.xerces_2.12.2.v20230928-1306.jar from https://eclipse.c3sl.ufpr.br/releases/2024-06/202406121000/plugins/
[2024-08-12 17:49:09] Fetching org.eclipse.team.ui_3.10.400.v20240416-0654.jar from https://eclipse.c3sl.ufpr.br/releases/2024-06/202406121000/plugins/ (1.43MB)
[2024-08-12 17:49:09] Fetching org.eclipse.osgi_3.20.0.v20240509-1421.jar from https://eclipse.c3sl.ufpr.br/releases/2024-06/202406121000/plugins/
[2024-08-12 17:49:09] Fetching com.sun.jna.platform_5.14.0.jar from https://eclipse.c3sl.ufpr.br/releases/2024-06/202406121000/plugins/ (1.31MB)
[2024-08-12 17:49:09] Fetching org.apache.httpcomponents.httpclient_4.5.14.jar from https://mirror.clarkson.edu/eclipse/releases/2024-06/202406121000/plugins/ (1.31MB)
[2024-08-12 17:49:10] Fetching org.eclipse.emf.ecore_2.36.0.v20240203-0859.jar from https://eclipse.c3sl.ufpr.br/releases/2024-06/202406121000/plugins/ (1.29MB)
[2024-08-12 17:49:10] Fetching org.eclipse.team.ui_3.10.400.v20240416-0654.jar from https://eclipse.c3sl.ufpr.br/releases/2024-06/202406121000/plugins/
[2024-08-12 17:49:10] Fetching com.sun.jna.platform_5.14.0.jar from https://eclipse.c3sl.ufpr.br/releases/2024-06/202406121000/plugins/
[2024-08-12 17:49:10] Fetching org.apache.httpcomponents.httpclient_4.5.14.jar from https://mirror.clarkson.edu/eclipse/releases/2024-06/202406121000/plugins/
[2024-08-12 17:49:10] Fetching org.eclipse.jface_3.34.0.v20240502-1134.jar from https://eclipse.c3sl.ufpr.br/releases/2024-06/202406121000/plugins/ (1.14MB)
[2024-08-12 17:49:11] Fetching bcpkix_1.78.1.jar from https://eclipse.c3sl.ufpr.br/releases/2024-06/202406121000/plugins/ (1.07MB)
[2024-08-12 17:49:11] Fetching org.eclipse.emf.ecore_2.36.0.v20240203-0859.jar from https://eclipse.c3sl.ufpr.br/releases/2024-06/202406121000/plugins/
[2024-08-12 17:49:11] Fetching org.eclipse.mylyn.wikitext.help.ui_4.3.0.v20240509-0539.jar from https://mirror.clarkson.edu/eclipse/releases/2024-06/202406121000/plugins/ (1.29MB)
[2024-08-12 17:49:11] Fetching com.sun.xml.bind_2.3.3.v20221203-1659.jar from https://mirrors.jevincanders.net/eclipse/releases/2024-06/202406121000/plugins/ (1.16MB)
[2024-08-12 17:49:11] Fetching org.eclipse.mylyn.help.ui_4.3.0.v20240602-0603.jar from https://mirror.clarkson.edu/eclipse/releases/2024-06/202406121000/plugins/ (1.22MB)
[2024-08-12 17:49:11] Fetching org.eclipse.ant.ui_3.9.400.v20240419-1233.jar from https://eclipse.c3sl.ufpr.br/releases/2024-06/202406121000/plugins/ (1.05MB)
[2024-08-12 17:49:11] Fetching org.eclipse.jface_3.34.0.v20240502-1134.jar from https://eclipse.c3sl.ufpr.br/releases/2024-06/202406121000/plugins/
[2024-08-12 17:49:12] Fetching bcpkix_1.78.1.jar from https://eclipse.c3sl.ufpr.br/releases/2024-06/202406121000/plugins/
[2024-08-12 17:49:12] Fetching org.apache.commons.commons-compress_1.26.2.jar from https://mirrors.jevincanders.net/eclipse/releases/2024-06/202406121000/plugins/ (1.03MB)
[2024-08-12 17:49:12] Fetching org.eclipse.mylyn.wikitext.help.ui_4.3.0.v20240509-0539.jar from https://mirror.clarkson.edu/eclipse/releases/2024-06/202406121000/plugins/
[2024-08-12 17:49:12] Fetching com.sun.xml.bind_2.3.3.v20221203-1659.jar from https://mirrors.jevincanders.net/eclipse/releases/2024-06/202406121000/plugins/
[2024-08-12 17:49:12] Fetching org.eclipse.mylyn.help.ui_4.3.0.v20240602-0603.jar from https://mirror.clarkson.edu/eclipse/releases/2024-06/202406121000/plugins/
[2024-08-12 17:49:12] Fetching org.eclipse.jface.text_3.25.100.v20240524-2010.jar from https://eclipse.c3sl.ufpr.br/releases/2024-06/202406121000/plugins/ (1.01MB)
[2024-08-12 17:49:13] Fetching org.mortbay.jasper.apache-jsp_9.0.83.jar from https://eclipse.c3sl.ufpr.br/releases/2024-06/202406121000/plugins/ (1MB)
[2024-08-12 17:49:13] Fetching org.apache.commons.commons-compress_1.26.2.jar from https://mirrors.jevincanders.net/eclipse/releases/2024-06/202406121000/plugins/
[2024-08-12 17:49:13] Fetching org.eclipse.jdt.debug_3.21.400.v20240418-1414.jar from https://eclipse.c3sl.ufpr.br/releases/2024-06/202406121000/plugins/ (929.79kB)
[2024-08-12 17:49:13] Fetching org.eclipse.core.resources_3.20.200.v20240513-1323.jar from https://eclipse.c3sl.ufpr.br/releases/2024-06/202406121000/plugins/ (929.47kB)
[2024-08-12 17:49:13] Fetching org.eclipse.jface.text_3.25.100.v20240524-2010.jar from https://eclipse.c3sl.ufpr.br/releases/2024-06/202406121000/plugins/
[2024-08-12 17:49:14] Fetching org.apache.httpcomponents.core5.httpcore5_5.2.3.v20230922-1600.jar from https://eclipse.c3sl.ufpr.br/releases/2024-06/202406121000/plugins/ (909.38kB)
[2024-08-12 17:49:14] Fetching org.eclipse.tm4e.language_pack_0.12.0.202405210827.jar from https://mirror.clarkson.edu/eclipse/releases/2024-06/202406121000/plugins/ (917.57kB)
[2024-08-12 17:49:14] Fetching org.apache.httpcomponents.client5.httpclient5_5.2.1.v20230802-0806.jar from https://eclipse.c3sl.ufpr.br/releases/2024-06/202406121000/plugins/ (881.43kB)
[2024-08-12 17:49:14] Fetching org.eclipse.core.resources_3.20.200.v20240513-1323.jar from https://eclipse.c3sl.ufpr.br/releases/2024-06/202406121000/plugins/
[2024-08-12 17:49:14] Fetching org.eclipse.wst.xml.core_1.2.900.v202405130132.jar from https://eclipse.c3sl.ufpr.br/releases/2024-06/202406121000/plugins/ (820.75kB)
[2024-08-12 17:49:15] Fetching org.apache.httpcomponents.core5.httpcore5_5.2.3.v20230922-1600.jar from https://eclipse.c3sl.ufpr.br/releases/2024-06/202406121000/plugins/
[2024-08-12 17:49:15] Fetching org.eclipse.tm4e.language_pack_0.12.0.202405210827.jar from https://mirror.clarkson.edu/eclipse/releases/2024-06/202406121000/plugins/
[2024-08-12 17:49:15] Fetching org.apache.httpcomponents.client5.httpclient5_5.2.1.v20230802-0806.jar from https://eclipse.c3sl.ufpr.br/releases/2024-06/202406121000/plugins/
[2024-08-12 17:49:15] Fetching org.eclipse.m2e.core.ui_2.0.801.20240411-1122.jar from https://mirror.clarkson.edu/eclipse/releases/2024-06/202406121000/plugins/ (815.94kB)
[2024-08-12 17:49:15] Fetching org.eclipse.epp.mpc.help.ui_1.10.3.v20240221-1216.jar from https://eclipse.c3sl.ufpr.br/releases/2024-06/202406121000/plugins/ (751.67kB)
[2024-08-12 17:49:15] Fetching org.eclipse.compare_3.11.0.v20240524-2010.jar from https://mirrors.jevincanders.net/eclipse/releases/2024-06/202406121000/plugins/ (812.83kB)
[2024-08-12 17:49:15] Fetching org.eclipse.help.webapp_3.11.400.v20240508-1954.jar from https://eclipse.c3sl.ufpr.br/releases/2024-06/202406121000/plugins/ (747.69kB)
[2024-08-12 17:49:15] Fetching org.apache.tika.core_2.9.2.jar from https://mirrors.jevincanders.net/eclipse/releases/2024-06/202406121000/plugins/ (726.45kB)
[2024-08-12 17:49:15] Fetching org.eclipse.ui.workbench.texteditor_3.17.400.v20240524-2010.jar from https://eclipse.c3sl.ufpr.br/releases/2024-06/202406121000/plugins/ (714.9kB)
[2024-08-12 17:49:16] Fetching org.apache.commons.commons-collections4_4.4.0.jar from https://mirror.clarkson.edu/eclipse/releases/2024-06/202406121000/plugins/ (734.29kB)
[2024-08-12 17:49:16] Fetching org.apache.xmlgraphics_2.9.0.v20230916-1600.jar from https://eclipse.c3sl.ufpr.br/releases/2024-06/202406121000/plugins/ (712.18kB)
[2024-08-12 17:49:16] Fetching org.eclipse.m2e.core.ui_2.0.801.20240411-1122.jar from https://mirror.clarkson.edu/eclipse/releases/2024-06/202406121000/plugins/
[2024-08-12 17:49:16] Fetching org.eclipse.compare_3.11.0.v20240524-2010.jar from https://mirrors.jevincanders.net/eclipse/releases/2024-06/202406121000/plugins/
[2024-08-12 17:49:16] Fetching org.eclipse.equinox.p2.ui_2.8.400.v20240511-1722.jar from https://eclipse.c3sl.ufpr.br/releases/2024-06/202406121000/plugins/ (706.03kB)
[2024-08-12 17:49:16] Fetching org.eclipse.lsp4e_0.18.10.202405280703.jar from https://eclipse.c3sl.ufpr.br/releases/2024-06/202406121000/plugins/ (692.94kB)
[2024-08-12 17:49:16] Fetching org.apache.tika.core_2.9.2.jar from https://mirrors.jevincanders.net/eclipse/releases/2024-06/202406121000/plugins/
[2024-08-12 17:49:17] Fetching org.apache.commons.commons-collections4_4.4.0.jar from https://mirror.clarkson.edu/eclipse/releases/2024-06/202406121000/plugins/
[2024-08-12 17:49:17] Fetching bcutil_1.78.1.jar from https://eclipse.c3sl.ufpr.br/releases/2024-06/202406121000/plugins/ (688.61kB)
[2024-08-12 17:49:17] Fetching org.eclipse.buildship.ui_3.1.9.v20240115-1636.jar from https://eclipse.c3sl.ufpr.br/releases/2024-06/202406121000/plugins/ (679.01kB)
[2024-08-12 17:49:17] Fetching org.eclipse.m2e.core_2.6.1.20240602-2342.jar from https://eclipse.c3sl.ufpr.br/releases/2024-06/202406121000/plugins/ (665.72kB)
[2024-08-12 17:49:17] Fetching org.apache.commons.lang3_3.14.0.jar from https://eclipse.c3sl.ufpr.br/releases/2024-06/202406121000/plugins/ (642.53kB)
[2024-08-12 17:49:17] Fetching org.eclipse.jetty.util_12.0.9.jar from https://mirror.clarkson.edu/eclipse/releases/2024-06/202406121000/plugins/ (645.68kB)
[2024-08-12 17:49:18] Fetching org.eclipse.egit.core_6.10.0.202406032230-r.jar from https://mirrors.jevincanders.net/eclipse/releases/2024-06/202406121000/plugins/ (638.95kB)
[2024-08-12 17:49:18] Fetching org.eclipse.cdt.core.win32.x86_64_11.6.0.202406041555.jar from https://mirror.clarkson.edu/eclipse/releases/2024-06/202406121000/plugins/ (642.38kB)
[2024-08-12 17:49:18] Fetching org.eclipse.ui.editors_3.17.300.v20240524-2010.jar from https://eclipse.c3sl.ufpr.br/releases/2024-06/202406121000/plugins/ (617.14kB)
[2024-08-12 17:49:18] Fetching org.eclipse.cdt.core.win32.x86_64_11.6.0.202406041555.jar from https://mirror.clarkson.edu/eclipse/releases/2024-06/202406121000/plugins/ (642.38kB)
[2024-08-12 17:49:18] Fetching org.eclipse.ui.editors_3.17.300.v20240524-2010.jar from https://eclipse.c3sl.ufpr.br/releases/2024-06/202406121000/plugins/ (617.14kB)
[2024-08-12 17:49:18] Fetching org.eclipse.epp.mpc.ui_1.10.3.v20240228-1000.jar from https://eclipse.c3sl.ufpr.br/releases/2024-06/202406121000/plugins/ (608.55kB)
[2024-08-12 17:49:18] Fetching ch.qos.logback.core_1.5.6.jar from https://eclipse.c3sl.ufpr.br/releases/2024-06/202406121000/plugins/ (595.65kB)
[2024-08-12 17:49:18] Fetching org.eclipse.jdt.launching_3.22.0.v20240424-1830.jar from https://eclipse.c3sl.ufpr.br/releases/2024-06/202406121000/plugins/ (588.95kB)
[2024-08-12 17:49:18] Fetching org.eclipse.lsp4j_0.23.1.v20240521-1815.jar from https://mirror.clarkson.edu/eclipse/releases/2024-06/202406121000/plugins/ (600.23kB)
[2024-08-12 17:49:18] Fetching org.eclipse.jetty.util_12.0.9.jar from https://mirror.clarkson.edu/eclipse/releases/2024-06/202406121000/plugins/
[2024-08-12 17:49:19] Fetching org.eclipse.platform_4.32.0.v20240601-0610.jar from https://mirrors.jevincanders.net/eclipse/releases/2024-06/202406121000/plugins/ (575.42kB)
[2024-08-12 17:49:19] Fetching org.eclipse.cdt.core.win32.x86_64_11.6.0.202406041555.jar from https://mirror.clarkson.edu/eclipse/releases/2024-06/202406121000/plugins/
[2024-08-12 17:49:19] Fetching org.eclipse.jetty.server_12.0.9.jar from https://eclipse.c3sl.ufpr.br/releases/2024-06/202406121000/plugins/ (573.88kB)
[2024-08-12 17:49:19] Fetching junit-jupiter-params_5.10.2.jar from https://eclipse.c3sl.ufpr.br/releases/2024-06/202406121000/plugins/ (572.29kB)
[2024-08-12 17:49:19] Fetching org.eclipse.egit.core_6.10.0.202406032230-r.jar from https://mirrors.jevincanders.net/eclipse/releases/2024-06/202406121000/plugins/
[2024-08-12 17:49:19] Fetching org.eclipse.jdt.junit_3.16.400.v20240524-2038.jar from https://eclipse.c3sl.ufpr.br/releases/2024-06/202406121000/plugins/ (555.84kB)
[2024-08-12 17:49:19] Fetching org.eclipse.lsp4j_0.23.1.v20240521-1815.jar from https://mirror.clarkson.edu/eclipse/releases/2024-06/202406121000/plugins/
[2024-08-12 17:49:19] Fetching org.apache.lucene.queries_9.10.0.v20240221-0830.jar from https://eclipse.c3sl.ufpr.br/releases/2024-06/202406121000/plugins/ (546.1kB)
[2024-08-12 17:49:20] Fetching org.eclipse.platform_4.32.0.v20240601-0610.jar from https://mirrors.jevincanders.net/eclipse/releases/2024-06/202406121000/plugins/
[2024-08-12 17:49:20] Fetching org.apache.commons.commons-io_2.16.1.jar from https://eclipse.c3sl.ufpr.br/releases/2024-06/202406121000/plugins/ (496.9kB)
[2024-08-12 17:49:20] Fetching org.eclipse.wst.sse.core_1.2.1400.v202405130132.jar from https://eclipse.c3sl.ufpr.br/releases/2024-06/202406121000/plugins/ (480.62kB)
[2024-08-12 17:49:20] Fetching org.eclipse.buildship.core_3.1.9.v20240115-1636.jar from https://mirrors.jevincanders.net/eclipse/releases/2024-06/202406121000/plugins/ (538.23kB)
[2024-08-12 17:49:20] Fetching org.eclipse.help.ui_4.7.0.v20240414-1916.jar from https://mirrors.jevincanders.net/eclipse/releases/2024-06/202406121000/plugins/ (539.47kB)
[2024-08-12 17:49:20] Fetching org.eclipse.ltk.ui.refactoring_3.13.400.v20240321-1245.jar from https://mirrors.jevincanders.net/eclipse/releases/2024-06/202406121000/plugins/ (471.48kB)
[2024-08-12 17:49:20] Fetching org.eclipse.mylyn.tasks.core_4.3.0.v20240509-0539.jar from https://eclipse.c3sl.ufpr.br/releases/2024-06/202406121000/plugins/ (470.82kB)
[2024-08-12 17:49:20] Fetching org.eclipse.search_3.16.200.v20240426-0859.jar from https://eclipse.c3sl.ufpr.br/releases/2024-06/202406121000/plugins/ (465.5kB)
[2024-08-12 17:49:21] Fetching org.apache.lucene.queryparser_9.10.0.v20240221-0830.jar from https://eclipse.c3sl.ufpr.br/releases/2024-06/202406121000/plugins/ (447.84kB)
[2024-08-12 17:49:21] Fetching org.eclipse.mylyn.wikitext.ui_4.3.0.v20240509-0539.jar from https://eclipse.c3sl.ufpr.br/releases/2024-06/202406121000/plugins/ (446.84kB)
[2024-08-12 17:49:21] Mirrored 128 artifacts from https://eclipse.c3sl.ufpr.br/releases/2024-06/202406121000/ at 713kb/s with 4 failures
[2024-08-12 17:49:21] Mirrored 31 artifacts from https://mirrors.jevincanders.net/eclipse/releases/2024-06/202406121000/ at 235kb/s with 3 failures
[2024-08-12 17:49:21] Mirrored 31 artifacts from https://mirror.clarkson.edu/eclipse/releases/2024-06/202406121000/ at 212kb/s with 2 failures
[2024-08-12 17:49:21] Mirrored 1 artifacts from https://ca.mirrors.cicku.me/eclipse//releases/2024-06/202406121000/ at 102kb/s
[2024-08-12 17:49:21] Mirrored 1 artifacts from https://eclipse.mirror.rafal.ca/releases/2024-06/202406121000/ at 102kb/s
[2024-08-12 17:49:21] Mirrored 1 artifacts from https://mirror.umd.edu/eclipse/releases/2024-06/202406121000/ at 100kb/s
[2024-08-12 17:49:21] Mirrored 1 artifacts from https://mirror.csclub.uwaterloo.ca/eclipse/releases/2024-06/202406121000/ at 84kb/s
[2024-08-12 17:49:21] Mirrored 1 artifacts from https://mirrors.xmission.com/eclipse/releases/2024-06/202406121000/ at 79kb/s
[2024-08-12 17:49:21] Mirrored 1 artifacts from https://download.eclipse.org/releases/2024-06/202406121000/ at 76kb/s
[2024-08-12 17:49:21] Mirrored 1 artifacts from https://ftp2.osuosl.org/pub/eclipse/releases/2024-06/202406121000/ at 73kb/s
[2024-08-12 17:49:21] Mirrored 1 artifacts from https://ftp.halifax.rwth-aachen.de/eclipse/releases/2024-06/202406121000/ at 68kb/s
[2024-08-12 17:49:21] Collected 259 artifacts for https://download.eclipse.org/releases/2024-06/202406121000 in 31.026s
[2024-08-12 17:49:21] The engine operation was cancelled and the changes are being rolled back.
[2024-08-12 17:49:21] 
